id,announcement_date,action_date,company,hq_city,hq_status,amount,agency,subagency,category,description,work_location,contract_number,award_id,source,source_url
moco-325a0632c834047a,2026-10-07,2026-09-30,FCN Inc.,Rockville,local_entity,29690466,Department of Defense,Air Force,Defense,"Palo Alto Cortex Extended Security Orchestration, Automation, and Response (XSOAR) Platform sustainment renewal",locations within and outside of the continental U.S,FA8307-26-F-B099,,War.gov,https://www.war.gov/News/Contracts/Contract/Article/4621482/contracts-for-oct-7-2026/
moco-ef47ad7cd57534a3,2026-10-06,2026-10-06,"PER-GEESH RITZ JV, LLC",GAITHERSBURG,local_entity,0.0,Department of the Interior,Departmental Offices,Other,EO 14398 NPS COMFORT STATION BELLE HAVEN,"MCLEAN, FAIRFAX, VA, UNITED STATES",140D0426C0152,140D0426C0152,USAspending,https://www.usaspending.gov/award/CONT_AWD_140D0426C0152_1406_-NONE-_-NONE-/
moco-c78153316b48f4c9,2026-10-06,2026-10-06,Lockheed Martin,Bethesda,verified,3300003.0,National Aeronautics and Space Administration,National Aeronautics and Space Administration,Space / Satellite,"FABRICATE NINE UNITS, WITH ONE OF THE NINE NSS UNITS FABRICATED USING VIPER NSS SPARE PARTS. ALL UNITS WILL BE FABRICATED PER THE PREVIOUS NSS ETUS, WITH IDENTICAL FORM, FIT, FUNCTION WITH LIMITED TESTING TO VERIFY FUNCTION PRIOR TO DELIVERY.","PALO ALTO, SANTA CLARA, CA, UNITED STATES",80ARC027P0001,80ARC027P0001,USAspending,https://www.usaspending.gov/award/CONT_AWD_80ARC027P0001_8000_-NONE-_-NONE-/
moco-affddc7b8d4d813d,2026-10-06,2026-10-06,ROMANA PROSPERITY CONSTRUCTION CORPORATION,ROCKVILLE,local_entity,8177.4,General Services Administration,Public Buildings Service,Other,ADD FUNDS,"WASHINGTON, DISTRICT OF COLUMBIA, DC, UNITED STATES",47PM0125C0008,47PM0125C0008,USAspending,https://www.usaspending.gov/award/CONT_AWD_47PM0125C0008_4740_-NONE-_-NONE-/
moco-8e273bdbd83d4a65,2026-10-06,2026-10-06,"QIAGEN, LLC",GERMANTOWN,local_entity,31354.0,Department of Veterans Affairs,Department of Veterans Affairs,Other,QIAGEN SERVICE PLAN FOR CTX,"TEMPLE, BELL, TX, UNITED STATES",36C25727P0006,36C25727P0006,USAspending,https://www.usaspending.gov/award/CONT_AWD_36C25727P0006_3600_-NONE-_-NONE-/
moco-88865a4092ca59ca,2026-10-06,2026-10-06,STRATEGIC TECHNOLOGY INSTITUTE INC,ROCKVILLE,local_entity,-2257.25,Department of Labor,Office of the Assistant Secretary for Administration and Management,Professional Services,CONSULTING PENSION ACTUARIAL SERVICES.,"ROCKVILLE, MONTGOMERY, MD, UNITED STATES",1605C123F00068,1605C123F00068,USAspending,https://www.usaspending.gov/award/CONT_AWD_1605C123F00068_1605_GS00F164CA_4732/
moco-833272836bb5809c,2026-10-06,2026-10-06,"ADVANCED TECHNOLOGIES AND LABORATORIES (ATL) INTERNATIONAL, INC.",GAITHERSBURG,local_entity,0.0,Department of Health and Human Services,Centers for Disease Control and Prevention,Professional Services,EO 14398; MOD03 - ADDED MISSING PWS FROM MOD02 - INCREASE THE SCOPE OF WORK,"GAITHERSBURG, MONTGOMERY, MD, UNITED STATES",75D30126F20924,75D30126F20924,USAspending,https://www.usaspending.gov/award/CONT_AWD_75D30126F20924_7523_75D30121A11150_7523/
moco-82341e19ee010ba3,2026-10-06,2026-10-06,"THE LAW OFFICES OF STUART L. PLOTNICK, LLC",ROCKVILLE,local_entity,0.0,Executive Office of the President,Executive Office of the President,Other,EEO INVESTIGATION SERVICES,"WASHINGTON, DISTRICT OF COLUMBIA, DC, UNITED STATES",11316026F0029OAS,11316026F0029OAS,USAspending,https://www.usaspending.gov/award/CONT_AWD_11316026F0029OAS_1100_11316025A0002EOP_1100/
moco-52df3118ccca9da8,2026-10-06,2026-10-06,"TCS INTERPRETING, INC.",SILVER SPRING,local_entity,0.0,Department of Homeland Security,Office of Procurement Operations,Other,THIS MODIFICATION CORRECTS THE PERIOD OF PERFORMANCE ON THE OPTION CLINS.,"SILVER SPRING, MONTGOMERY, MD, UNITED STATES",70RTAC25FC0000030,70RTAC25FC0000030,USAspending,https://www.usaspending.gov/award/CONT_AWD_70RTAC25FC0000030_7001_70FA4022A00000009_7022/
moco-492590dec916c1ed,2026-10-06,2026-10-06,"EDIFICE GROUP, INC.",ROCKVILLE,local_entity,20000.0,General Services Administration,Public Buildings Service,Other,PDL FOR UNFORSEEN ELECTRICAL CONDUITS AT M50 GATE FOOTING,"KEARNEYSVILLE, JEFFERSON, WV, UNITED STATES",47PD0224F0091,47PD0224F0091,USAspending,https://www.usaspending.gov/award/CONT_AWD_47PD0224F0091_4740_47PD0223D0007_4740/
moco-2f3ff5d446ea56d4,2026-10-06,2026-10-06,"WESTERLY ENTERPRISES, LLC",GAITHERSBURG,local_entity,7348.39,Department of Veterans Affairs,Department of Veterans Affairs,Other,GROUNDS MAINTENANCE CONTRACT FOR WINCHESTER NATIONAL CEMETERY. POP 10/01/2026 - 03/31/2027.  SAF FY27 BASE CONTRACT 36C78623D50645,"CULPEPER, VA, UNITED STATES",36C78627N50033,36C78627N50033,USAspending,https://www.usaspending.gov/award/CONT_AWD_36C78627N50033_3600_36C78623D50645_3600/
moco-2c534c4e99a81884,2026-10-06,2026-10-06,AMERICAN SOCIETY OF HEALTH-SYSTEM PHARMACISTS INC,BETHESDA,local_entity,8850.0,Department of Veterans Affairs,Department of Veterans Affairs,Professional Services,EO 14398,"MINNEAPOLIS, HENNEPIN, MN, UNITED STATES",36C26324P0208,36C26324P0208,USAspending,https://www.usaspending.gov/award/CONT_AWD_36C26324P0208_3600_-NONE-_-NONE-/
moco-19c4db7662862dce,2026-10-06,2026-10-06,"TTW SOLUTIONS, INC.",BETHESDA,local_entity,-9873.4,Environmental Protection Agency,Environmental Protection Agency,Professional Services,R707 - FFP CALL ORDER FOR ACQUISITION PORTFOLIO MANAGEMENT SUPPORT,"BETHESDA, MONTGOMERY, MD, UNITED STATES",68HERC24F0495,68HERC24F0495,USAspending,https://www.usaspending.gov/award/CONT_AWD_68HERC24F0495_6800_68HERC24A0015_6800/
moco-10cf10cca9961056,2026-10-06,2026-10-06,"FCN, INC.",ROCKVILLE,local_entity,68443.0,Consumer Product Safety Commission,Consumer Product Safety Commission,Software / IT,SAP SECURE ENTERPRISE SUPPORT SES RENEW,"WASHINGTON, DISTRICT OF COLUMBIA, DC, UNITED STATES",61320627F0002,61320627F0002,USAspending,https://www.usaspending.gov/award/CONT_AWD_61320627F0002_6100_NNG15SC71B_8000/
moco-f1862f0d5e178efd,2026-10-05,2026-10-05,"THE LAW OFFICES OF STUART L. PLOTNICK, LLC",ROCKVILLE,local_entity,500.0,Executive Office of the President,Executive Office of the President,Other,EEO DETERMINATION,"WASHINGTON, DISTRICT OF COLUMBIA, DC, UNITED STATES",11316027F0001OAS,11316027F0001OAS,USAspending,https://www.usaspending.gov/award/CONT_AWD_11316027F0001OAS_1100_11316025A0002EOP_1100/
moco-afa57cb0110471a8,2026-10-05,2026-10-05,"AUGUST SCHELL ENTERPRISES, INC.",ROCKVILLE,local_entity,198556.86,Department of the Treasury,Treasury Common Services Center,Software / IT,UIPATH SOFTWARE LICENSES - FUNDING MOD,"ROCKVILLE, MONTGOMERY, MD, UNITED STATES",2099CB27F00001,2099CB27F00001,USAspending,https://www.usaspending.gov/award/CONT_AWD_2099CB27F00001_2099_NNG15SD80B_8000/
moco-a66ce3527e7d98c4,2026-10-05,2026-09-30,Lockheed Martin,Bethesda,verified,208962712,Department of Defense,Navy,Defense,production of Surface Electronic Warfare Improvement Program AN/SLQ-32(V)6 systems,"Liverpool, New York (78%); Lansdale, Pennsylvania (22%)",N00024-20-C-5503,,War.gov,https://www.war.gov/News/Contracts/Contract/Article/4619270/contracts-for-oct-5-2026/
moco-770cc479914dbad5,2026-10-05,2026-10-05,FEDSTORE CORPORATION,ROCKVILLE,local_entity,4894830.53,Department of Veterans Affairs,Department of Veterans Affairs,Software / IT,PEGA FTE SOFTWARE LICENSING- EXERCISE OPTION YEAR 2,"AUSTIN, TRAVIS, TX, UNITED STATES",36C10B25F0024,36C10B25F0024,USAspending,https://www.usaspending.gov/award/CONT_AWD_36C10B25F0024_3600_NNG15SD21B_8000/
moco-662fbfd639e7a8f5,2026-10-05,2026-10-05,"CONTRACTING & COMMUNICATIONS SERVICES, INC.",GAITHERSBURG,local_entity,-14382.05,General Services Administration,Public Buildings Service,Other,THE PURPOSE OF THIS MODIFICATION IS TO DEOBLIGATE REMAINING FUNDS FOR CONTRACT CLOSEOUT.,"BALTIMORE, BALTIMORE CITY, MD, UNITED STATES",47PD0225C0004,47PD0225C0004,USAspending,https://www.usaspending.gov/award/CONT_AWD_47PD0225C0004_4740_-NONE-_-NONE-/
moco-5bae564d97fc52be,2026-10-05,2026-10-05,EMAGINE IT INC,NORTH BETHESDA,local_entity,0.0,Department of Health and Human Services,Centers for Medicare and Medicaid Services,Software / IT,"THE GRACE PROGRAM IS DESIGNED TO ENHANCE CMS'S SECURITY AND RISK MANAGEMENT FRAMEWORK BY MODERNIZING KEY FUNCTIONS LIKE GOVERNANCE, RISK MANAGEMENT, AUTHORIZATION, ASSESSMENT, AND COMPLIANCE ACROSS ALL FISMA SYSTEMS. IT AIMS TO IMPROVE CMS'S OPERATIO","ROCKVILLE, MONTGOMERY, MD, UNITED STATES",75FCMC26F0032,75FCMC26F0032,USAspending,https://www.usaspending.gov/award/CONT_AWD_75FCMC26F0032_7530_GS35F0217T_4730/
moco-474fdb191986302a,2026-10-05,2026-10-05,"CC&C MANAGEMENT SERVICES, LLC",ROCKVILLE,local_entity,42651.22,Department of Veterans Affairs,Department of Veterans Affairs,Other,VISN 5 FURNITURE REMOVAL AND DISPOSAL SERVICES,"LINTHICUM HEIGHTS, ANNE ARUNDEL, MD, UNITED STATES",36C24527F0036,36C24527F0036,USAspending,https://www.usaspending.gov/award/CONT_AWD_36C24527F0036_3600_GS33F0014V_4730/
moco-2e281c73d10d375e,2026-10-05,2026-10-05,Westat,Rockville,verified,0.0,Department of Education,Department of Education,Other,"THE IMPLEMENTATION OF THE TITLE I & II PROGRAM INITIATIVES CONTRACT'S PURPOSE IS TO CONDUCT AN IMPLEMENTATION EVALUATION OF HOW STATES, SCHOOLS, AND DISTRICTS ARE USING TITLE I AND TITLE II FUNDS AND TO EXAMINE STUDENT OUTCOME TRENDS PRE- AN","ROCKVILLE, MONTGOMERY, MD, UNITED STATES",EDIES11C0063,EDIES11C0063,USAspending,https://www.usaspending.gov/award/CONT_AWD_EDIES11C0063_9100_-NONE-_-NONE-/
moco-2b36d189bcf44010,2026-10-05,2026-10-05,SPATIAL FRONT INC,BETHESDA,local_entity,6544719.65,Department of Homeland Security,U.S. Citizenship and Immigration Services,Software / IT,TECHNICAL OPERATIONS SUPPORT SERVICES (TOSS) 2. MODIFICATION TO EXERCISE OPTION PERIOD ONE AND UPDATE THE CO.,"STENNIS SPACE CENTER, HANCOCK, MS, UNITED STATES",70SBUR25F00000152,70SBUR25F00000152,USAspending,https://www.usaspending.gov/award/CONT_AWD_70SBUR25F00000152_7003_47QTCB21D0044_4732/
moco-2aafaa929cd823f7,2026-10-05,2026-10-05,"AMERICAN NURSES CREDENTIALING CENTER, INC. A/K/A AMERICAN NURSES CREDENTIALING CENTER",SILVER SPRING,local_entity,0.0,Department of Veterans Affairs,Department of Veterans Affairs,Professional Services,PATHWAY TO EXCELLENCE DESIGNATION - IMPLEMENTATION OF EO 14398,"MILWAUKEE, WI, UNITED STATES",36C25224P0237,36C25224P0237,USAspending,https://www.usaspending.gov/award/CONT_AWD_36C25224P0237_3600_-NONE-_-NONE-/
moco-1d44e8b07f2b8ac9,2026-10-05,2026-10-05,"FCN, INC.",ROCKVILLE,local_entity,0.0,Department of the Treasury,Bureau of the Fiscal Service,Software / IT,INFOBLOX SOFTWARE - CHANGE THE CONTRACT OFFICER REPRESENTATIVES.,"ROCKVILLE, MONTGOMERY, MD, UNITED STATES",20341523F00022,20341523F00022,USAspending,https://www.usaspending.gov/award/CONT_AWD_20341523F00022_2036_NNG15SC71B_8000/
moco-07ca3c52fff7f4ec,2026-10-05,2026-10-05,"QIAGEN, LLC",GERMANTOWN,local_entity,111335.35,Department of Veterans Affairs,Department of Veterans Affairs,Other,QUANTIFERON REAGENTS - KANSAS CITY VAMC - ORDERING PERIOD TWO,"GERMANTOWN, MONTGOMERY, MD, UNITED STATES",36C25527N0002,36C25527N0002,USAspending,https://www.usaspending.gov/award/CONT_AWD_36C25527N0002_3600_36C25526A0003_3600/
moco-200283764a6198e8,2026-10-04,2026-10-04,ROBERTS OXYGEN CO INC,DERWOOD,local_entity,2192.08,Department of Justice,Drug Enforcement Administration,Other,TITLE: FY26 ROBERTS OXYGEN REQUESTOR: TANIKA Z BELLINGER POP DATES: 10/01/2025 TO 09/30/2026,"UPPER MARLBORO, PRINCE GEORGES, MD, UNITED STATES",15DDL325P00000041,15DDL325P00000041,USAspending,https://www.usaspending.gov/award/CONT_AWD_15DDL325P00000041_1524_-NONE-_-NONE-/
moco-072a37aacda5179a,2026-10-03,2026-10-03,PRIVATIN CONSULTING LLC,POTOMAC,local_entity,0.0,Department of Veterans Affairs,Department of Veterans Affairs,Professional Services,MEDICAL CATEGORY MGT.,"WASHINGTON, DISTRICT OF COLUMBIA, DC, UNITED STATES",36C24E27N0011,36C24E27N0011,USAspending,https://www.usaspending.gov/award/CONT_AWD_36C24E27N0011_3600_GS10F122AA_4732/
moco-f0fd298ad8d9c61a,2026-10-02,2026-10-02,BOLAND TRANE SERVICES INC,GAITHERSBURG,local_entity,280000.0,Department of Veterans Affairs,Department of Veterans Affairs,Other,CHILLERS SERVICE CONTRACT,"MARTINSBURG, BERKELEY, WV, UNITED STATES",36C24525P0046,36C24525P0046,USAspending,https://www.usaspending.gov/award/CONT_AWD_36C24525P0046_3600_-NONE-_-NONE-/
moco-eb2dbb421f4565d1,2026-10-02,2026-10-02,RC QUARTERMASTER LLC,SILVER SPRING,local_entity,36720.0,Department of Veterans Affairs,Department of Veterans Affairs,Other,PERMATECT FLOOR RESTORATION AND MAINTENANCE SERVICES - OPTION YEAR FOUR (4) RENEWAL,"PENSACOLA, ESCAMBIA, FL, UNITED STATES",36C25623P0118,36C25623P0118,USAspending,https://www.usaspending.gov/award/CONT_AWD_36C25623P0118_3600_-NONE-_-NONE-/
moco-e5b40963d1fe17e1,2026-10-02,2026-10-02,BAE Systems Inc.,Rockville,local_entity,99206056,Department of Defense,Navy,Cybersecurity,"BAE Systems Inc., Rockville, Maryland, is awarded a $99,206,056 hybrid cost-plus-fixed-fee and cost-plus-incentive-fee contract (N0003026C3033) to provide systems engineering and integration support services for Portfolio Acquisition Executive (PAE) Strategic Systems Programs (SSP). This contract provides supporting systems engineering, integration, technical information, fleet-support, program-management, cybersecurity, documentation, and related support-service requirements. This award also benefits a Foreign Military Sale. Work will be performed in Rockville, Maryland (61%); Washington, D.C. (20%); Cape Canaveral, Florida (4%); Saint Mary's, Georgia (2%); Silverdale, Washington (1%); Groton, Connecticut (1%); Frederick, Maryland (1%); North Kingstown, Rhode Island (1%); York, Pennsylvania (1%); Huntsville, Alabama (1%); Barrow-in-Furness, United Kingdom (1%); and various other locations under 1% each (6%). Efforts are expected to be completed Sept. 30, 2027. Fiscal 2025 One Big Beautiful Bill Act (OBBBA) funds in the amount of $4,832,638 will be obligated upon award. No funds will expire at the end of the current fiscal year. This contract was awarded as a sole-source acquisition pursuant to 10 U.S. Code 2304(c)(1) and was previously synopsized on the System for Award Management (SAM.gov) online portal. PAE SSP, Washington, D.C., is the contracting activity.","Rockville, Maryland (61%); Washington, D.C. (20%); Cape Canaveral, Florida (4%); Saint Mary's, Georgia (2%); Silverdale, Washington (1%); Groton, Connecticut (1%); Frederick, Maryland (1%); North Kingstown, Rhode Island (1%); York, Pennsylvania (1%); Huntsville, Alabama (1%); Barrow-in-Furness, United Kingdom (1%); various other locations under 1% each (6%). Efforts are expected to be completed Sept. 30, 2027",N0003026C3033,,War.gov,https://www.war.gov/News/Contracts/Contract/Article/4618190/contracts-for-oct-2-2026/
moco-7175e5a1912fad78,2026-10-02,2026-10-02,BAE Systems Technology Solutions & Services Inc.,Rockville,local_entity,70524268,Department of Defense,Navy,Defense,"BAE Systems Technology Solutions & Services Inc., Rockville, Maryland, is awarded a $70,524,268 cost-plus-fixed-fee contract provide technical support and facilities engineering services for the U.S. Trident II D5 Strategic Weapons System program. This value includes all optional line items, if exercised. This contract award also benefits a Foreign Military Sale. Work will be performed in Washington, D.C. (68%); Kings Bay, Georgia (16%); and Bangor, Washington (16%), with an expected completion date of Sept. 30, 2031. This action is awarded with fiscal 2025 One Big Beautiful Bill Act funds in the amount of $18,408,391. No funds will expire at the end of the current fiscal year. This contract was awarded as a sole-source acquisition pursuant to 10 U.S. Code 2304(c)(1) and was previously synopsized on the System for Award Management (SAM.gov) online portal. Portfolio Acquisition Executive Strategic Systems Programs, Washington, D.C., is the contracting activity.","Washington, D.C. (68%); Kings Bay, Georgia (16%); Bangor, Washington (16%), with an expected completion date of Sept. 30, 2031",,,War.gov,https://www.war.gov/News/Contracts/Contract/Article/4618190/contracts-for-oct-2-2026/
moco-53ec9e0b3d1b3801,2026-10-02,2026-10-02,"FCN, INC.",ROCKVILLE,local_entity,0.0,Department of the Treasury,Internal Revenue Service,Software / IT,DEPARTMENT OF THE TREASURY CISCO CATALOGUE. THIS MODIFICATION IS TO UPDATE THE COR.,"LANHAM, PRINCE GEORGES, MD, UNITED STATES",2032H523F00493,2032H523F00493,USAspending,https://www.usaspending.gov/award/CONT_AWD_2032H523F00493_2050_NNG15SC71B_8000/
moco-4e3390df682c5592,2026-10-02,2026-10-02,"SKYWARD IT SOLUTIONS, LLC",ROCKVILLE,local_entity,0.0,Department of Health and Human Services,Centers for Medicare and Medicaid Services,Software / IT,"THE PURPOSE OF THIS ACQUISITION IS TO PROVIDE SUPPORT AND UTILIZE BEST PRACTICES, MODERN EA METHODOLOGIES APPROPRIATE FOR CMS, AND THE NECESSARY TOOLS AND DELIVERABLES AS DESCRIBED IN PERFORMANCE WORK STATEMENT TO DELIVER A LEAN, AGILE, AND HUMAN-CEN","ROCKVILLE, MONTGOMERY, MD, UNITED STATES",75FCMC24F0059,75FCMC24F0059,USAspending,https://www.usaspending.gov/award/CONT_AWD_75FCMC24F0059_7530_47QTCA19D00AB_4732/
moco-49d751ed0d6f245d,2026-10-02,2026-10-02,ANALYTIC ACQUISITIONS LLC,SILVER SPRING,local_entity,0.0,National Aeronautics and Space Administration,National Aeronautics and Space Administration,Software / IT,"AMES POWER MANAGEMENT SYSTEM (APMS) PROJECT - THIS REQUIREMENT IS TO INSTALL, WIRE, TEST AND COMMISSION CRITICAL APMS METERS AT MULTIPLE LOCATIONS ACROSS BUILDINGS ON MOFFETT FIELD AND AMES RESEARCH CENTER.","MOFFETT FIELD, SANTA CLARA, CA, UNITED STATES",80ARC026F0018,80ARC026F0018,USAspending,https://www.usaspending.gov/award/CONT_AWD_80ARC026F0018_8000_80ARC025A0001_8000/
moco-ffd24b250a983190,2026-10-01,2026-10-01,"VALNEVA USA, INC.",BETHESDA,local_entity,787392.0,Department of Veterans Affairs,Department of Veterans Affairs,Life Sciences / Biodefense,JAPANESE ENCEPHALITIS VIRUS VACCINE IXIARO,"BETHESDA, MONTGOMERY, MD, UNITED STATES",36C25227N0099,36C25227N0099,USAspending,https://www.usaspending.gov/award/CONT_AWD_36C25227N0099_3600_36F79725D0249_3600/
moco-f950ffa6da84c6ab,2026-10-01,2026-10-01,POSTERITY GROUP LLC,DERWOOD,local_entity,103774.0,Department of Veterans Affairs,Department of Veterans Affairs,Other,PERFUSIONIST SERVICES FOR THE HINES VA HOSPITAL,"HINES, COOK, IL, UNITED STATES",36C25227F0006,36C25227F0006,USAspending,https://www.usaspending.gov/award/CONT_AWD_36C25227F0006_3600_36F79725D0054_3600/
moco-d91c983cdda1d1a1,2026-10-01,2026-10-01,AMERITEL COMMUNICATIONS CORPORATION,ROCKVILLE,local_entity,9204.0,Department of the Treasury,Bureau of the Fiscal Service,Other,CANON COPIER MAINTENANCE,"WASHINGTON, DISTRICT OF COLUMBIA, DC, UNITED STATES",20340927P00008,20340927P00008,USAspending,https://www.usaspending.gov/award/CONT_AWD_20340927P00008_2036_-NONE-_-NONE-/
moco-d7e03fc3b620205d,2026-10-01,2026-10-01,CAPITAL SHREDDER CORP,ROCKVILLE,local_entity,7889.0,General Services Administration,Federal Acquisition Service,Other,"SHREDDING MACHINE,P","ROCKVILLE, MONTGOMERY, MD, UNITED STATES",47QSSC27F02D6,47QSSC27F02D6,USAspending,https://www.usaspending.gov/award/CONT_AWD_47QSSC27F02D6_4732_47QSSC26A000E_4732/
moco-d65a3c55435c30fc,2026-10-01,2026-10-01,"TENACITY SOLUTIONS, LLC",ROCKVILLE,local_entity,0.0,Consumer Product Safety Commission,Consumer Product Safety Commission,Other,FACILITIES SUPPORT SERVICES,"ROCKVILLE, MONTGOMERY, MD, UNITED STATES",61320625P0017,61320625P0017,USAspending,https://www.usaspending.gov/award/CONT_AWD_61320625P0017_6100_-NONE-_-NONE-/
moco-d489127d3830a1f1,2026-10-01,2026-10-01,"GRAFIK INDUSTRIES, LTD.",GAITHERSBURG,local_entity,60000.0,Department of the Treasury,Office of the Comptroller of the Currency,Other,OFFSET AND DIGITAL QUICK PRINT SERVICES - PROVIDE FUNDING FOR OPTION YEAR 1,"GAITHERSBURG, MONTGOMERY, MD, UNITED STATES",2031JW26F00008,2031JW26F00008,USAspending,https://www.usaspending.gov/award/CONT_AWD_2031JW26F00008_2046_47QRAA20D004Q_4732/
moco-d0002c7fc6e3c06d,2026-10-01,2026-10-01,"FCN, INC.",ROCKVILLE,local_entity,19563.0,Department of the Treasury,Office of the Comptroller of the Currency,Software / IT,HQ - 2023-OCT-01 - OFFICEWRITER ANNUAL SOFTWARE RENEWAL REQUEST.  OFFICEWRITER ALLOWS DEVELOPERS TO PROVIDE FUNCTIONALITY TO GENERATE DYNAMIC DATA-DRIVEN EXCEL REPORTS WITHOUT REQUIRING THE INSTALLATI,"ROCKVILLE, MONTGOMERY, MD, UNITED STATES",2031JW24F00017,2031JW24F00017,USAspending,https://www.usaspending.gov/award/CONT_AWD_2031JW24F00017_2046_NNG15SC71B_8000/
moco-c7191ee9f33a64aa,2026-10-01,2026-10-01,"FCN, INC.",ROCKVILLE,local_entity,0.0,Commodity Futures Trading Commission,Commodity Futures Trading Commission,Software / IT,MAINTENANCE AND SUPPORT FOR SAP,"WASHINGTON, DISTRICT OF COLUMBIA, DC, UNITED STATES",9523ZY27F0001,9523ZY27F0001,USAspending,https://www.usaspending.gov/award/CONT_AWD_9523ZY27F0001_9507_NNG15SC71B_8000/
moco-b9e730e3be23f2a3,2026-10-01,2026-10-01,"AUGUST SCHELL ENTERPRISES, INC.",ROCKVILLE,local_entity,2086620.97,Social Security Administration,Social Security Administration,Software / IT,DELIVERY ORDER FOR MICROFOCUS SOFTWARE MAINTENANCE. MODIFICATION IS TO EXERCISE OPTION YEAR IV,"ROCKVILLE, MONTGOMERY, MD, UNITED STATES",28321323FDX030016,28321323FDX030016,USAspending,https://www.usaspending.gov/award/CONT_AWD_28321323FDX030016_2800_NNG15SD80B_8000/
moco-b23e8af20cc5df97,2026-10-01,2026-10-01,"FCN, INC.",ROCKVILLE,local_entity,324602.55,Department of the Treasury,Treasury Common Services Center,Software / IT,DELL OEM MAINTENANCE & SUPPORT,"ROUND ROCK, WILLIAMSON, TX, UNITED STATES",2099CA27F00007,2099CA27F00007,USAspending,https://www.usaspending.gov/award/CONT_AWD_2099CA27F00007_2099_NNG15SC71B_8000/
moco-94e1c9489b2a52f2,2026-10-01,2026-10-01,"FCN, INC.",ROCKVILLE,local_entity,81807.34,Department of the Treasury,Office of the Comptroller of the Currency,Software / IT,IMPERVA HARDWARE & SOFTWARE RENEWAL - ADD (2) LICENSES TO CLIN 2003 AND EXERCISE OPTION PERIOD 2,"WASHINGTON, DISTRICT OF COLUMBIA, DC, UNITED STATES",2031JW25F00013,2031JW25F00013,USAspending,https://www.usaspending.gov/award/CONT_AWD_2031JW25F00013_2046_NNG15SC71B_8000/
moco-9387c66ab2de1a3d,2026-10-01,2026-10-01,"FCN, INC.",ROCKVILLE,local_entity,2435544.91,Department of the Treasury,Office of the Comptroller of the Currency,Software / IT,CISCO SMARTNET AND CISCO AND WEBEX LICENSES AND HARDWARE MAINTENANCE.,"WASHINGTON, DISTRICT OF COLUMBIA, DC, UNITED STATES",2031JW27F00002,2031JW27F00002,USAspending,https://www.usaspending.gov/award/CONT_AWD_2031JW27F00002_2046_NNG15SC71B_8000/
moco-8f90f23768a43993,2026-10-01,2026-10-01,AMERICAN SOCIETY OF HEALTH-SYSTEM PHARMACISTS INC,BETHESDA,local_entity,0.0,Department of Veterans Affairs,Department of Veterans Affairs,Other,EO 14398 MOD EXERCISE OPTION YEAR TWO (OY2). FUNDING INCREASE FOR ASHP ANNUAL ACCREDITATION FEE,"SAN DIEGO, CA, UNITED STATES",36C26225P0013,36C26225P0013,USAspending,https://www.usaspending.gov/award/CONT_AWD_36C26225P0013_3600_-NONE-_-NONE-/
moco-8a58b9d09565cb8d,2026-10-01,2026-10-01,"LIFE SAFETY GROUP, LLC",ROCKVILLE,local_entity,193050.0,Department of Veterans Affairs,Department of Veterans Affairs,Other,DETROIT PARKING 65 SPACES- FY 27 FUNDING,"DETROIT, WAYNE, MI, UNITED STATES",36C25024P1316,36C25024P1316,USAspending,https://www.usaspending.gov/award/CONT_AWD_36C25024P1316_3600_-NONE-_-NONE-/
moco-85a209b2c7ea74fa,2026-10-01,2026-10-01,"FCN, INC.",ROCKVILLE,local_entity,197647.37,Department of the Treasury,Office of the Comptroller of the Currency,Software / IT,HCL APPSCAN SOFTWARE MAINTENANCE,"WASHINGTON, DISTRICT OF COLUMBIA, DC, UNITED STATES",2031JW26F00005,2031JW26F00005,USAspending,https://www.usaspending.gov/award/CONT_AWD_2031JW26F00005_2046_NNG15SC71B_8000/
moco-80a49d8effa258a0,2026-10-01,2026-10-01,ROBERTS OXYGEN CO INC,DERWOOD,local_entity,-38173.08,Department of Veterans Affairs,Department of Veterans Affairs,Other,TERMINATION FOR GOVERNMENT'S CONVENIENCE DUE TO PROTEST--BULK OXYGEN USP WITH TANK RENTAL,"DERWOOD, MONTGOMERY, MD, UNITED STATES",36C24626P1072,36C24626P1072,USAspending,https://www.usaspending.gov/award/CONT_AWD_36C24626P1072_3600_-NONE-_-NONE-/
moco-735eda1c9eb0a90f,2026-10-01,2026-10-01,"AMERICAN NURSES CREDENTIALING CENTER, INC. A/K/A AMERICAN NURSES CREDENTIALING CENTER",SILVER SPRING,local_entity,13646.0,Department of Veterans Affairs,Department of Veterans Affairs,Professional Services,EO 14398 | PATHWAY TO EXCELLENCE,"DALLAS, TX, UNITED STATES",36C25725P0035,36C25725P0035,USAspending,https://www.usaspending.gov/award/CONT_AWD_36C25725P0035_3600_-NONE-_-NONE-/
moco-6c99866b761d70e6,2026-10-01,2026-10-01,AMERITEL COMMUNICATIONS CORPORATION,ROCKVILLE,local_entity,43200.0,Department of Veterans Affairs,Department of Veterans Affairs,Other,MULTI FUNCTION DEVICE- COPIER AND PRINTER PRODUCTION LEVEL UNIT,"MURFREESBORO, RUTHERFORD, TN, UNITED STATES",36C24926F0044,36C24926F0044,USAspending,https://www.usaspending.gov/award/CONT_AWD_36C24926F0044_3600_GS03F102CA_4732/
moco-69b75929d8c8da0f,2026-10-01,2026-10-01,WINDSOR GROUP LLC,BETHESDA,local_entity,1465893.0,Department of Veterans Affairs,Department of Veterans Affairs,Professional Services,CRITICAL INCIDENT TEAM,"PALO ALTO, SANTA CLARA, CA, UNITED STATES",36C26127F0007,36C26127F0007,USAspending,https://www.usaspending.gov/award/CONT_AWD_36C26127F0007_3600_47QRAA21D006R_4732/
moco-5cacff5f2b87fdd7,2026-10-01,2026-10-01,"FCN, INC.",ROCKVILLE,local_entity,230367.39,Department of the Treasury,Bureau of the Fiscal Service,Software / IT,IBM HARDWARE/SOFTWARE MAINTENANCE AND SUPPORT - EXERCISE OPTION YEAR 1,"ARMONK, WESTCHESTER, NY, UNITED STATES",2033H626F00014,2033H626F00014,USAspending,https://www.usaspending.gov/award/CONT_AWD_2033H626F00014_2036_NNG15SC71B_8000/
moco-5c931c79cc58ba8b,2026-10-01,2026-10-01,"RADICE ENTERPRISES, LLC",BETHESDA,local_entity,33484.5,Department of Veterans Affairs,Department of Veterans Affairs,Other,LAUNDRY SERVICE FOR KEY WEST OPYR4,"MIAMI, MIAMI-DADE, FL, UNITED STATES",36C24823P0011,36C24823P0011,USAspending,https://www.usaspending.gov/award/CONT_AWD_36C24823P0011_3600_-NONE-_-NONE-/
moco-57131ce344df03cb,2026-10-01,2026-10-01,POTOMAC-HUDSON ENGINEERING INC,ROCKVILLE,local_entity,0.0,Department of Energy,Department of Energy,Professional Services,THE PURPOSE OF THIS MODIFICATION IS TO TRANSFER AWARD FROM DOE OFFICE OF CLEAN ENERGY DEMONSTRATIONS (OCED) TO DOE OFFICE OF CRITICAL MINERALS AND ENERGY INNOVATION (CMEI).,"ROCKVILLE, MONTGOMERY, MD, UNITED STATES",89243624FCD000018,89243624FCD000018,USAspending,https://www.usaspending.gov/award/CONT_AWD_89243624FCD000018_8900_89303022AGC000006_8900/
moco-520ed3fb111d9266,2026-10-01,2026-10-01,"FCN, INC.",ROCKVILLE,local_entity,1830610.39,Department of the Treasury,Office of the Comptroller of the Currency,Software / IT,CISCO SOFTWARE ENTERPRISE LICENSE AGREEMENT (ELA),"WASHINGTON, DISTRICT OF COLUMBIA, DC, UNITED STATES",2031JW25F00016,2031JW25F00016,USAspending,https://www.usaspending.gov/award/CONT_AWD_2031JW25F00016_2046_NNG15SC71B_8000/
moco-45887276421c8f11,2026-10-01,2026-10-01,"QIAGEN, LLC",GERMANTOWN,local_entity,48982.5,Department of Veterans Affairs,Department of Veterans Affairs,Other,"INCORPORATE FAR 52.222-90 IN ACCORDANCE WITH EXECUTIVE ORDER (E.O.) 14398, ADDRESSING DEI DISCRIMINATION BY FEDERAL CONTRACTORS, (91 FR 16147, MARCH 31, 2026)","RIVIERA BEACH, PALM BEACH, FL, UNITED STATES",36C24824P1262,36C24824P1262,USAspending,https://www.usaspending.gov/award/CONT_AWD_36C24824P1262_3600_-NONE-_-NONE-/
moco-44187179be1a93be,2026-10-01,2026-10-01,"QIAGEN, LLC",GERMANTOWN,local_entity,72258.75,Department of Veterans Affairs,Department of Veterans Affairs,Other,QUANTIFERON TB GOLD PLUS REAGENTS AND CONTROLS,"GERMANTOWN, MONTGOMERY, MD, UNITED STATES",36C24827P0006,36C24827P0006,USAspending,https://www.usaspending.gov/award/CONT_AWD_36C24827P0006_3600_-NONE-_-NONE-/
moco-432c069d86351602,2026-10-01,2026-10-01,A SQUARE GROUP LLC,ROCKVILLE,local_entity,0.0,Department of Education,Department of Education,Software / IT,THE PURPOSE OF THIS MODIFICATION IS TO UPDATE THE KEY PERSONNEL.,"FREDERICK, MD, UNITED STATES",91003122F0006,91003122F0006,USAspending,https://www.usaspending.gov/award/CONT_AWD_91003122F0006_9100_75N98120D00007_7529/
moco-3f8c0dfe42b85815,2026-10-01,2026-10-01,"AMERICAN NURSES CREDENTIALING CENTER, INC. A/K/A AMERICAN NURSES CREDENTIALING CENTER",SILVER SPRING,local_entity,23718.0,Department of Veterans Affairs,Department of Veterans Affairs,Professional Services,ANCC CREDENTIALING FOR PATHWAY TO EXCELLENCE DESIGNATION,"ASHEVILLE, BUNCOMBE, NC, UNITED STATES",36C24627P0040,36C24627P0040,USAspending,https://www.usaspending.gov/award/CONT_AWD_36C24627P0040_3600_-NONE-_-NONE-/
moco-3d6d39dcc7a70085,2026-10-01,2026-10-01,"EXECUTIVE INFORMATION SYSTEMS, L.L.C.",BETHESDA,local_entity,568292.55,Department of Veterans Affairs,Department of Veterans Affairs,Software / IT,MODIFICATION P00002 TO EXERCISE BASE PERIOD OPTIONAL TASK CLINS 0165-0179.,"BETHESDA, MONTGOMERY, MD, UNITED STATES",36C10B26F0217,36C10B26F0217,USAspending,https://www.usaspending.gov/award/CONT_AWD_36C10B26F0217_3600_47QTCA18D0081_4732/
moco-2dd0c82bb77409c5,2026-10-01,2026-10-01,"FCN, INC.",ROCKVILLE,local_entity,3312916.12,Department of the Treasury,Bureau of the Fiscal Service,Software / IT,"CISCO SMARTNET AND CISCO LICENSE, HARDWARE, AND SOFTWARE, MAINTENANCE AND SUPPORT - EXERCISE OPTION PERIOD TWO (2)","SAN JOSE, SANTA CLARA, CA, UNITED STATES",2033H625F00010,2033H625F00010,USAspending,https://www.usaspending.gov/award/CONT_AWD_2033H625F00010_2036_NNG15SC71B_8000/
moco-26ae06aa4f09b7b4,2026-10-01,2026-10-01,"FCN, INC.",ROCKVILLE,local_entity,369537.94,Department of the Treasury,Bureau of the Fiscal Service,Software / IT,AUTODESK SOFTWARE SUBSCRIPTIONS AND SUPPORT SERVICES (PHI),"ROCKVILLE, MONTGOMERY, MD, UNITED STATES",20340927P00004,20340927P00004,USAspending,https://www.usaspending.gov/award/CONT_AWD_20340927P00004_2036_-NONE-_-NONE-/
moco-176022517cc515c4,2026-10-01,2026-10-01,GOVCONNECTION INC,ROCKVILLE,local_entity,700000.0,Department of Veterans Affairs,Department of Veterans Affairs,Software / IT,VITRIA BUSINESSWARE LICENSES AND MAINTENANCE,"AUSTIN, TRAVIS, TX, UNITED STATES",36C10B26F0004,36C10B26F0004,USAspending,https://www.usaspending.gov/award/CONT_AWD_36C10B26F0004_3600_NNG15SC36B_8000/
moco-0d67ef02966a1a9a,2026-10-01,2026-10-01,RECOVERY POINT SYSTEMS INC,GAITHERSBURG,local_entity,31277.8,Department of the Treasury,Office of the Comptroller of the Currency,Other,OFFSITE MEDIA STORAGE SANITATION AND DISPOSAL FUNDING ACTION,"GAITHERSBURG, MONTGOMERY, MD, UNITED STATES",2031JW23F00007,2031JW23F00007,USAspending,https://www.usaspending.gov/award/CONT_AWD_2031JW23F00007_2046_GS25F0030P_4730/
moco-0ccd1747c7941dec,2026-10-01,2026-10-01,"SODEXO OPERATIONS, LLC",NORTH BETHESDA,local_entity,1745850.0,Department of Commerce,U.S. Patent and Trademark Office,Professional Services,CONFERENCE HOTELING SERVICES. THE PURPOSE OF THIS MODIFICATION IS TO EXERCISE OPTION PERIOD 1 AND PROVIDE FUNDING.,"ALEXANDRIA, ALEXANDRIA CITY, VA, UNITED STATES",1333BJ26P00050002,1333BJ26P00050002,USAspending,https://www.usaspending.gov/award/CONT_AWD_1333BJ26P00050002_1344_-NONE-_-NONE-/
moco-c9aa6a451a8f0431,2026-09-29,2026-09-29,Abt Global,Rockville,strong,550030.0,Department of Health and Human Services,Health Resources and Services Administration,Professional Services,MCHB60 C 6171 EVALUATION OF AUTISM CARES INITIATIVE,"ROCKVILLE, MONTGOMERY, MD, UNITED STATES",75R60225F34001,75R60225F34001,USAspending,https://www.usaspending.gov/award/CONT_AWD_75R60225F34001_7526_75R60224D00005_7526/
moco-afe7042e086a4d72,2026-09-29,2026-09-29,Lockheed Martin,Bethesda,verified,0.0,National Aeronautics and Space Administration,National Aeronautics and Space Administration,Other,ADVANCED TELESCOPE FOR HIGH-ENERGY ASTROPHYSICS (ATHENA) CRYOCOOLER DEMONSTRATION MODEL STUDY,"MANASSAS, MANASSAS CITY, VA, UNITED STATES",80GSFC24FA046,80GSFC24FA046,USAspending,https://www.usaspending.gov/award/CONT_AWD_80GSFC24FA046_8000_GS00Q14OADU323_4732/
moco-11097a50d7a890bc,2026-09-28,2026-09-28,Lockheed Martin,Bethesda,verified,74981.0,National Aeronautics and Space Administration,National Aeronautics and Space Administration,Other,TEST PANELS FABRICATION,"FORT WORTH, TARRANT, TX, UNITED STATES",80GRC026C0007,80GRC026C0007,USAspending,https://www.usaspending.gov/award/CONT_AWD_80GRC026C0007_8000_-NONE-_-NONE-/
moco-ae8600e4c88aa59d,2026-09-25,2026-09-25,Abt Global,Rockville,strong,2512718.0,Department of Health and Human Services,Centers for Medicare and Medicaid Services,Professional Services,"HH PPS, HOSPICE, HOME INFUSION, AND IRF PPS: ANALYSIS SUPPORT AND MONITORING","ROCKVILLE, MONTGOMERY, MD, UNITED STATES",75FCMC22F0078,75FCMC22F0078,USAspending,https://www.usaspending.gov/award/CONT_AWD_75FCMC22F0078_7530_GS00F252CA_4732/
moco-7c04d31d5ebb33ed,2026-09-25,2026-09-25,Hughes Network Systems,Germantown,strong,801.42,Department of the Interior,Bureau of Land Management,Advanced Communications,INTERNET AND PHONE SERVICES HUGHESNET 6 MONTH EXTENSION,"KREMMLING, SUMMIT, CO, UNITED STATES",140L1725P0036,140L1725P0036,USAspending,https://www.usaspending.gov/award/CONT_AWD_140L1725P0036_1422_-NONE-_-NONE-/
moco-63104acb2d20c52c,2026-09-25,2026-09-25,Abt Global,Rockville,strong,1093021.77,Department of Health and Human Services,Office of the Assistant Secretary for Financial Resources,Professional Services,"PROVIDE PROFESSIONAL EVALUATION SUPPORT SERVICES FOR ADOLESCENT PREGNANCY PREVENTION PROGRAMS, INCLUDING RIGOROUS PROGRAM EVALUATION, PROCESS EVALUATION, QUALITATIVE METHODOLOGIES, AND EVALUATION SUPPORT FOR AMERICAN INDIAN/ALASKA NATIVE (AI/AN) COMM","ROCKVILLE, MONTGOMERY, MD, UNITED STATES",7571MN26F80125,7571MN26F80125,USAspending,https://www.usaspending.gov/award/CONT_AWD_7571MN26F80125_7571_GS00F252CA_4732/
moco-ea168f723df43197,2026-09-24,2026-09-24,Lockheed Martin,Bethesda,verified,300000.0,National Aeronautics and Space Administration,National Aeronautics and Space Administration,Other,INCORPORATION OF EO 14398. ATMOSPHERIC IMAGE ASSEMBLY MISSION OPERATIONS AND DATA ANALYSIS FOR THE NASA SOLAR DYNAMICS OBSERVATORY,"PALO ALTO, SANTA CLARA, CA, UNITED STATES",NNG04EA00C,NNG04EA00C,USAspending,https://www.usaspending.gov/award/CONT_AWD_NNG04EA00C_8000_-NONE-_-NONE-/
moco-d551bb575ce5ac84,2026-09-24,2026-09-24,Lockheed Martin,Bethesda,verified,8382920.25,National Aeronautics and Space Administration,National Aeronautics and Space Administration,Other,MULTI-SLIT SOLAR EXPLORER (MUSE) MISSION PHASE A,"PALO ALTO, SANTA CLARA, CA, UNITED STATES",80GSFC21C0011,80GSFC21C0011,USAspending,https://www.usaspending.gov/award/CONT_AWD_80GSFC21C0011_8000_-NONE-_-NONE-/
moco-8ce9de86199a72f2,2026-09-24,2026-09-24,Abt Global,Rockville,strong,114863.0,Department of Health and Human Services,Health Resources and Services Administration,Professional Services,NATIONAL HEALTH WORKFORCE TRAINING & TECHNICAL ASSISTANCE INSTITUTE (THE WORKFORCE INSTITUTE) - BHW92 C 5789,"ROCKVILLE, MONTGOMERY, MD, UNITED STATES",75R60223F34003,75R60223F34003,USAspending,https://www.usaspending.gov/award/CONT_AWD_75R60223F34003_7526_75R60219D00032_7526/
moco-6bc05f5eec336307,2026-09-24,2026-09-24,Abt Global,Rockville,strong,0.0,Department of Health and Human Services,Office of the Assistant Secretary for Administration,Professional Services,FY26 UDO INITIATIVE,"CAMBRIDGE, MIDDLESEX, MA, UNITED STATES",75P00118F37002,75P00118F37002,USAspending,https://www.usaspending.gov/award/CONT_AWD_75P00118F37002_7570_HHSP233201600010I_7555/
moco-a107f85e1c305632,2026-09-23,2026-09-23,Abt Global,Rockville,strong,893285.87,Department of Labor,Office of the Assistant Secretary for Administration and Management,Professional Services,UI ANALYTICS AND PERFORMANCE MONITORING SUPPORT SERVICES,"WASHINGTON, DISTRICT OF COLUMBIA, DC, UNITED STATES",1605C226F00043,1605C226F00043,USAspending,https://www.usaspending.gov/award/CONT_AWD_1605C226F00043_1605_1605C223A0002_1605/
moco-92cc6d2cd4e00858,2026-09-16,2026-09-16,Abt Global,Rockville,strong,-154777.94,Department of Health and Human Services,National Institutes of Health,Professional Services,"TO ADMINISTRATIVELY DE-OBLIGATE UNEXPENDED AND EXPIRING FISCAL YEAR 2021 FUNDING IN ACCORDANCE WITH 31 U.S.C. SECTION 1552 (A), IN PREPARATION FOR SEPTEMBER 30, 2026, CLOSING OF THE PERIOD OF AVAILABILITY OF THESE FISCAL YEAR FUNDS.","ROCKVILLE, MONTGOMERY, MD, UNITED STATES",75N94021F00210,75N94021F00210,USAspending,https://www.usaspending.gov/award/CONT_AWD_75N94021F00210_7529_GS00F252CA_4732/
moco-2a28cd5f7e1bf46d,2026-09-16,2026-09-16,Lockheed Martin,Bethesda,verified,0.0,National Aeronautics and Space Administration,National Aeronautics and Space Administration,Other,"FFT - IF MORE INFORMATION IS NEEDED, PLEASE CONTACT THE CO DIRECTLY.","ARLINGTON, TARRANT, TX, UNITED STATES",80GRC023CA010,80GRC023CA010,USAspending,https://www.usaspending.gov/award/CONT_AWD_80GRC023CA010_8000_-NONE-_-NONE-/
moco-0a85da7b28b5cede,2026-09-15,2026-09-15,Lockheed Martin,Bethesda,verified,0.0,National Aeronautics and Space Administration,National Aeronautics and Space Administration,Other,TECHNOLOGY MATURATION FOR ASTROPHYSICS SPACE TELESCOPES (TECHMAST),"PALO ALTO, SANTA CLARA, CA, UNITED STATES",80MSFC24CA015,80MSFC24CA015,USAspending,https://www.usaspending.gov/award/CONT_AWD_80MSFC24CA015_8000_-NONE-_-NONE-/
moco-850da48368e60e29,2026-09-14,2026-09-14,Hughes Network Systems,Germantown,strong,-26305.76,Department of Homeland Security,Transportation Security Administration,Other,THIS MODIFICATION IS BEING PROCESSED TO REMOVE UNBILLED CANCELLING FUNDS FROM THE AWARD IN ACCORDANCE TO TSA YEAR END PROCEDURES.,"GERMANTOWN, MONTGOMERY, MD, UNITED STATES",70T05020F2NORC001,70T05020F2NORC001,USAspending,https://www.usaspending.gov/award/CONT_AWD_70T05020F2NORC001_7013_70B04C19D00000030_7014/
moco-81ccb979e771065c,2026-09-10,2026-09-10,Abt Global,Rockville,strong,0.0,Department of Education,Department of Education,Other,CALL ORDER 002 IS THE FIRST IN AN EXPECTED SERIES OF WORK TO UNDERSTAND THE TAKE UP AND IMPACTS OF THE U.S. DEPARTMENT OF EDUCATIONS (THE DEPARTMENTS) INCOME-DRIVEN STUDENT LOAN REPAYMENT (IDR) PLANS.  THE CALL ORDER CALLS FOR DATA COLLECTION AND ANA,"WASHINGTON, DISTRICT OF COLUMBIA, DC, UNITED STATES",91990024F0361,91990024F0361,USAspending,https://www.usaspending.gov/award/CONT_AWD_91990024F0361_9100_91990022A0016_9100/
moco-65e718db6194be2c,2026-09-10,2026-09-10,Lockheed Martin,Bethesda,verified,29274.12,Department of Commerce,National Oceanic and Atmospheric Administration,Other,EXPENDABLE BATHYTHERMOGRAPH (XBT) PROBES AND EQUIPMENT FOR NOAA SHIP RAINIER,"NEWPORT, LINCOLN, OR, UNITED STATES",1305M226F0451,1305M226F0451,USAspending,https://www.usaspending.gov/award/CONT_AWD_1305M226F0451_1330_1305M326D0002_1330/
moco-2fda1a1ee0d17536,2026-09-10,2026-09-10,Lockheed Martin,Bethesda,verified,28888760.0,Department of Commerce,National Oceanic and Atmospheric Administration,Other,** MISSION CRITICAL REQUIREMENT FOR NOAA/OMAO_PRODUCTION OF UP TO FOUR (4) FULLY MODIFIED C130J AIRCRAFT,"MARIETTA, COBB, GA, UNITED STATES",1305M224C0039,1305M224C0039,USAspending,https://www.usaspending.gov/award/CONT_AWD_1305M224C0039_1330_-NONE-_-NONE-/
moco-d825be415748f60b,2026-09-09,2026-09-09,Hughes Network Systems,Germantown,strong,0.0,Department of Homeland Security,Transportation Security Administration,Other,CLOSEOUT,"GERMANTOWN, MONTGOMERY, MD, UNITED STATES",70T05025F5900N007,70T05025F5900N007,USAspending,https://www.usaspending.gov/award/CONT_AWD_70T05025F5900N007_7013_70B04C19D00000030_7014/
moco-c19f77e2ffdbbef0,2026-09-09,2026-09-09,Lockheed Martin,Bethesda,verified,1046653.0,National Aeronautics and Space Administration,National Aeronautics and Space Administration,Other,HABITABLE WORLDS OBSERVATORY SYSTEM TECHNOLOGY DEMONSTRATIONS AND MISSION ARCHITECTURE STUDIES,"PALO ALTO, SANTA CLARA, CA, UNITED STATES",80GSFC26C0015,80GSFC26C0015,USAspending,https://www.usaspending.gov/award/CONT_AWD_80GSFC26C0015_8000_-NONE-_-NONE-/
moco-46250c33ef7c58a3,2026-09-09,2026-09-09,Lockheed Martin,Bethesda,verified,406813.0,Department of Homeland Security,U.S. Coast Guard,Software / IT,AUTOMATED WEIGHT AND BALANCE SYSTEM SOFTWARE OPTION PERIOD FOUR (4) FUNDING,"FORT WORTH, TARRANT, TX, UNITED STATES",70Z03826FS0000041,70Z03826FS0000041,USAspending,https://www.usaspending.gov/award/CONT_AWD_70Z03826FS0000041_7008_70Z03822DS0000002_7008/
moco-064106275208a06e,2026-09-09,2026-09-09,Lockheed Martin,Bethesda,verified,2023000.0,National Aeronautics and Space Administration,National Aeronautics and Space Administration,Other,"THE CONTRACTOR SHALL PROVIDE THE ITEM OR SERVICES SPECIFIED IN SECTION B IN ACCORDANCE WITH THE FOLLOWING: SOW ENTITLED ""SAFER III"" WHICH WILL BE PROVIDED UNDER SEPARATE COVER.  (END OF CLAUSE)","FORT WORTH, TARRANT, TX, UNITED STATES",80GRC026C0002,80GRC026C0002,USAspending,https://www.usaspending.gov/award/CONT_AWD_80GRC026C0002_8000_-NONE-_-NONE-/
moco-1160298b4b353636,2026-09-08,2026-09-08,Abt Global,Rockville,strong,18000.0,Environmental Protection Agency,Environmental Protection Agency,Professional Services,"F999 - SAFER CHOICE, DESIGN FOR THE ENVIRONMENT, AND SAFER CHOICE INGREDIENTS LIST (SCIL) LOGISTICAL SUPPORT  P00018 - THE PURPOSE OF THIS MODIFICATION IS TO ADD INCREMENTAL FUNDS.","WASHINGTON, DISTRICT OF COLUMBIA, DC, UNITED STATES",68HERC23F0221,68HERC23F0221,USAspending,https://www.usaspending.gov/award/CONT_AWD_68HERC23F0221_6800_68HERC23D0004_6800/
moco-8cfa503128866d2e,2026-09-03,2026-09-03,Abt Global,Rockville,strong,525000.0,Environmental Protection Agency,Environmental Protection Agency,Professional Services,THIS REQUEST IS TO EXERCISE THE OPTION PERIOD (OP1: 9/19/2026 - 9/18/2027) FOR (HAZARDOUS WASTE SITE CLEANUP TECHNICAL SUPPORT AND INNOVATION) AND ADD FUNDING IN THE AMOUNT OF $525K.,"ROCKVILLE, MONTGOMERY, MD, UNITED STATES",68HERH25F0304,68HERH25F0304,USAspending,https://www.usaspending.gov/award/CONT_AWD_68HERH25F0304_6800_68HE0P24A0003_6800/
moco-64ec0534671f5015,2026-09-03,2026-09-03,Abt Global,Rockville,strong,150419.0,Environmental Protection Agency,Environmental Protection Agency,Professional Services,F103-TECHNICAL ANALYSIS IN SUPPORT OF THE COMMUNITY WATER SYSTEM (CWS) SURVEY,"ROCKVILLE, MONTGOMERY, MD, UNITED STATES",68HERW26F0178,68HERW26F0178,USAspending,https://www.usaspending.gov/award/CONT_AWD_68HERW26F0178_6800_68HERC24A0002_6800/
moco-98636e3ab6927116,2026-09-02,2026-09-02,Lockheed Martin,Bethesda,verified,1539875.9,Department of Homeland Security,U.S. Coast Guard,Software / IT,ADAPTIVE MAINTENANCE SUPPORT SERVICES FOR THE PORTS AND WATERWAYS SAFETY SYSTEM (PAWSS) MARITIME TRAFFIC MANAGEMENT SOFTWARE SYSTEM SUPPORTING U.S. VESSEL TRAFFIC SERVICE (VTS) LOCATIONS ENSURING PORT SAFETY AND SECURITY.,"MANASSAS, PRINCE WILLIAM, VA, UNITED STATES",70Z04426FC2PL0005,70Z04426FC2PL0005,USAspending,https://www.usaspending.gov/award/CONT_AWD_70Z04426FC2PL0005_7008_70Z04422DC2PL0002_7008/
moco-45d4658cd8ca708d,2026-09-02,2026-09-02,Lockheed Martin,Bethesda,verified,16500.0,National Aeronautics and Space Administration,National Aeronautics and Space Administration,Space / Satellite,"SOLAR ULTRAVIOLET IMAGER (SUVI) INSTRUMENT.  THIS CONTRACT IS FOR THE DESIGN, ANALYZE, DEVELOP, FABRICATE, INTEGRATE, TEST, EVALUATE AND SUPPORT LAUNCH OF THE SOLAR ULTRAVIOLET IMAGER (SUVI) INSTRUMENT, SUPPLY AND MAINTAIN THE INSTRUMENT GROUND SUPPORT EQUIPMENT (GSE), AND SUPPORT THE SATELLITE OPERATIONS CONTROL CENTER (SOCC).  THE SUVI IS CLASSIFIED AS A NON-PRIMARY INSTRUMENT ON THE GOES-R SATELLITE AND HAS A RISK CLASSIFICATION OF B. THE SUVI INSTRUMENT PROVIDES A BROADBAND IMAGING IN THE EXTREME ULTRAVIOLET WAVELENGTH RANGE TO MONITOR THE ENTIRE DYNAMIC RANGE OF SOLAR FEATURES, FROM CORONAL HOLES TO FLARES, AS WELL AS THE ESTIMATE OF TEMPERATURE AND EMISSION MEASURE.  THESE DATA ARE USED FOR GEOMAGNETIC STORM FORECASTS AND FORECASTS OF SOLAR ENERGETIC PARTICLE EVENTS RELATED TO FLARES.  THE CONTRACTOR SHALL PROVIDE THE PERSONNEL, MATERIALS, FACILITIES AND OTHER RESOURCES TO DESIGN, DEVELOP, DELIVER AND SUPPORT UNDER THE BASIC CONTRACT: A) PARTS AND MATERIALS FOR 4 FLIGHT MODELS B) ONE SUVI FLIGHT MODEL (FM) C) THREE SETS OF THE ELECTRICAL SYSTEM TEST EQUIPMENT (ESTE) D) TWO SUVI EMULATORS (SUVIES) E) TWO FLIGHT SOFTWARE DEVELOPMENT ENVIRONMENTS (FSDES) F) ONE GROUND PROCESSING DEVELOPMENT SYSTEM (GPDS) G) SPARES FOR THE FOUR FMS H) ALL ADDITIONAL SUVI MECHANICAL AND ELECTRICAL GROUND SUPPORT EQUIPMENT (MGSE AND EGSE) CALLED OUT ELSEWHERE IN THIS DOCUMENT I) ALL ITEMS AND DOCUMENTS SPECIFIED IN ALL CONTRACT DOCUMENTS","PALO ALTO, SANTA CLARA, CA, UNITED STATES",NNG07HW20C,NNG07HW20C,USAspending,https://www.usaspending.gov/award/CONT_AWD_NNG07HW20C_8000_-NONE-_-NONE-/
moco-6bba971009cbfc87,2026-09-01,2026-09-01,Abt Global,Rockville,strong,0.0,Department of Health and Human Services,Centers for Disease Control and Prevention,Other,COVID-19 RESEARCH IN REPONSE TO BAA POSTING,"CAMBRIDGE, MIDDLESEX, MA, UNITED STATES",75D30120C08150,75D30120C08150,USAspending,https://www.usaspending.gov/award/CONT_AWD_75D30120C08150_7523_-NONE-_-NONE-/
moco-edd7171a21024240,2026-08-31,2026-08-31,Abt Global,Rockville,strong,-23784.3,Environmental Protection Agency,Environmental Protection Agency,Other,CONFERENCE AND MEETING PLANNING SERVICES (CMP)  -  CORRECTIVE MODIFICATION TO DEOBLIGATE $1.00 FROM THE BASE PERIOD TO ENABLE IPP MIGRATION OF CONTRACT IN THE FINANCIAL SYSTEM.  MODIFICATION 14 DE-OBLIGATION,"CAMBRIDGE, MIDDLESEX, MA, UNITED STATES",EPG14H00969,EPG14H00969,USAspending,https://www.usaspending.gov/award/CONT_AWD_EPG14H00969_6800_GS07F136AA_4732/
moco-69b0ed0c83f87c21,2026-08-31,2026-08-31,Abt Global,Rockville,strong,1561298.98,Department of Energy,Department of Energy,Professional Services,"A TIME & MATERIALS BPA CALL WILL BE PLACED AGAINST BLANKET PURCHASE AGREEMENT (BPA) 89303924AEM000031 WITH ABT GLOBAL FOR TERRESTRIAL INJURY DETERMINATION TO THE U.S. DEPARTMENT OF ENERGY, HANFORD SITE, IN RICHLAND, WA, IN ACCORDANCE WITH THE SOW","RICHLAND, BENTON, WA, UNITED STATES",89303926FEM000411,89303926FEM000411,USAspending,https://www.usaspending.gov/award/CONT_AWD_89303926FEM000411_8900_89303924AEM000031_8900/
moco-4c352841cb7228ed,2026-08-31,2026-08-31,Abt Global,Rockville,strong,5565712.29,Department of the Interior,Departmental Offices,Professional Services,TITLE IV-E PREVENTION SERVICES CLEARINGHOUSE,"ROCKVILLE, MONTGOMERY, MD, UNITED STATES",140D0425F0818,140D0425F0818,USAspending,https://www.usaspending.gov/award/CONT_AWD_140D0425F0818_1406_GS00F252CA_4732/
moco-24b0dd9fbc360157,2026-08-31,2026-08-31,Lockheed Martin,Bethesda,verified,150000.0,National Aeronautics and Space Administration,National Aeronautics and Space Administration,Space / Satellite,"TAS::80 0110::TAS GEOSTATIONARY LIGHTNING MAPPER (GLM) INSTRUMENT THE FOR GEOSTATIONARY OPERATIONAL ENVIRONMENTAL SATELLITES (GOES) R.  THE CONTRACTOR SHALL PROVIDE THE PERSONNEL, MATERIALS, FACILITIES AND OTHER RESOURCES TO DESIGN, DEVELOP, DELIVER (TO THE DESIGNATED DESTINATION) AND SUPPORT UNDER THE BASIC CONTRACT: A) PARTS AND MATERIALS FOR AN ENGINEERING DEVELOPMENT UNIT (EDU) AND 4 FLIGHT MODELS B) ONE GLM ENGINEERING DEVELOPMENT UNIT (EDU) C) ONE GLM PROTO-FLIGHT MODEL (PFM) DESIGNATED FLIGHT MODEL-1 (FM-1) D) THREE SETS OF THE ELECTRICAL SYSTEM TEST EQUIPMENT (ESTE) E) TWO GLM EMULATORS (GLME) F) TWO FLIGHT SOFTWARE DEVELOPMENT ENVIRONMENTS (FSDES) G) ONE GROUND PROCESSING DEMONSTRATION SYSTEM (GPDS) H) SPARES FOR THE FOUR FMS I) ALL ADDITIONAL GLM MECHANICAL AND ELECTRICAL GROUND SUPPORT EQUIPMENT (MGSE AND EGSE) CALLED OUT ELSEWHERE IN THIS DOCUMENT J) ALL ITEMS AND DOCUMENTS SPECIFIED IN ALL CONTRACT DOCUMENTS","PALO ALTO, SANTA CLARA, CA, UNITED STATES",NNG08HZ00C,NNG08HZ00C,USAspending,https://www.usaspending.gov/award/CONT_AWD_NNG08HZ00C_8000_-NONE-_-NONE-/
moco-71115f457410fabc,2026-08-28,2026-08-28,Abt Global,Rockville,strong,0.0,Department of Health and Human Services,Centers for Medicare and Medicaid Services,Other,"THE PURPOSE OF THIS EFFORT, WHICH INCLUDES SEVERAL INTER-RELATED ELEMENTS AND TASKS, IS TO ACQUIRE CONTRACTOR ASSISTANCE TO PROVIDE STRATEGIC SUPPORT TO CMS WITH THE EXECUTION AND OVERSIGHT OF MEDICAID AND CHIP MANAGED CARE AND INTEGRATED DELIVERY SY","ROCKVILLE, MONTGOMERY, MD, UNITED STATES",75FCMC22F0001,75FCMC22F0001,USAspending,https://www.usaspending.gov/award/CONT_AWD_75FCMC22F0001_7530_75FCMC19D0080_7530/
moco-dea8b52ae1cdb9a9,2026-08-27,2026-08-27,Abt Global,Rockville,strong,-23627.33,Department of Education,Department of Education,Professional Services,THIS CONTRACT IS FOR EVALUATION TECHNICAL ASSISTANCE FOR EDUCATION INNOVATION AND RESEARCH (EIR) PROGRAM GRANTEES FISCAL YEAR (FY) 2020 COHORT. THIS MODIFICATION DE-OBLIGATES EXPIRING FUNDS.,"WASHINGTON, DISTRICT OF COLUMBIA, DC, UNITED STATES",91990021F0304,91990021F0304,USAspending,https://www.usaspending.gov/award/CONT_AWD_91990021F0304_9100_91990020A0028_9100/
moco-5bb1d8327f63a8f0,2026-08-27,2026-08-27,Abt Global,Rockville,strong,0.0,Department of Health and Human Services,Centers for Medicare and Medicaid Services,Other,EVALUATION OF THE CELL AND GENE THERAPY ACCESS MODEL,"WINDSOR MILL, BALTIMORE, MD, UNITED STATES",75FCMC24F0164,75FCMC24F0164,USAspending,https://www.usaspending.gov/award/CONT_AWD_75FCMC24F0164_7530_75FCMC19D0080_7530/
moco-26558566413b2835,2026-08-27,2026-08-27,Lockheed Martin,Bethesda,verified,0.0,Department of Homeland Security,U.S. Immigration and Customs Enforcement,Other,THE PURPOSE OF THIS PURCHASE ORDER IS TO ACQUIRE RECEIVERS THAT ARE UTILIZED BY HOMELAND SECURITY INVESTIGATIONS DURING CRIMINAL INVESTIGATIONS.,"SEVERN, ANNE ARUNDEL, MD, UNITED STATES",70CMSD25P00000125,70CMSD25P00000125,USAspending,https://www.usaspending.gov/award/CONT_AWD_70CMSD25P00000125_7012_-NONE-_-NONE-/
moco-cdf58963f7d2c3b4,2026-08-24,2026-08-24,Abt Global,Rockville,strong,789534.0,Department of Health and Human Services,Agency for Healthcare Research and Quality,Professional Services,THE PURPOSE OF THIS MODIFICATION IS TO EXERCISE AND FULLY FUND OPTION PERIOD 3,"ROCKVILLE, MONTGOMERY, MD, UNITED STATES",75Q80122F80007,75Q80122F80007,USAspending,https://www.usaspending.gov/award/CONT_AWD_75Q80122F80007_7528_GS00F252CA_4732/
moco-17c75092b0c4f25d,2026-08-24,2026-08-24,Abt Global,Rockville,strong,-0.01,Environmental Protection Agency,Environmental Protection Agency,Professional Services,MOD 5: DEOBLIGATION OF $.01 POC:  WHITNEY CLARK-COLEMAN,"CAMBRIDGE, MIDDLESEX, MA, UNITED STATES",68HE0H18F0186,68HE0H18F0186,USAspending,https://www.usaspending.gov/award/CONT_AWD_68HE0H18F0186_6800_EPBPA17H0012_6800/
moco-39f0ca6fb6ea0897,2026-08-21,2026-08-21,Abt Global,Rockville,strong,2367839.0,Department of Health and Human Services,Centers for Medicare and Medicaid Services,Professional Services,DEVELOPING QUALITY RATING SYSTEMS,"ROCKVILLE, MONTGOMERY, MD, UNITED STATES",75FCMC23F0131,75FCMC23F0131,USAspending,https://www.usaspending.gov/award/CONT_AWD_75FCMC23F0131_7530_GS00F252CA_4732/
moco-0dc37c48ac50df76,2026-08-21,2026-08-21,Abt Global,Rockville,strong,18532.72,Environmental Protection Agency,Environmental Protection Agency,Professional Services,"OLEM LARGE MISSION SUPPORT CALL ORDER TITLE: SUSTAINABLE SITE REUSE WITH LAND REVITALIZATION TECHNICAL ASSISTANCE. P0004: INCORPORATE APPROVED SUBCONTRACTOR INDIRECT RATES AND UPDATED APPLICABLE WAGE DETERMINATIONS, UPDATE THE TRAVEL CLIN DESCRIPTION","ROCKVILLE, MONTGOMERY, MD, UNITED STATES",68HERH25F0249,68HERH25F0249,USAspending,https://www.usaspending.gov/award/CONT_AWD_68HERH25F0249_6800_68HE0P24A0003_6800/
moco-acfaa49ba0734de8,2026-08-20,2026-08-20,Lockheed Martin,Bethesda,verified,0.0,Department of Homeland Security,U.S. Coast Guard,Software / IT,AUTOMATED WEIGHT AND BALANCE SYSTEM SOFTWARE OPTION PERIOD THREE (3) TRAVEL FUNDING. ADMIN MOD TO REMOVE FFP FROM DESCRIPTION.,"ELIZABETH CITY, PASQUOTANK, NC, UNITED STATES",70Z03826FS0000034,70Z03826FS0000034,USAspending,https://www.usaspending.gov/award/CONT_AWD_70Z03826FS0000034_7008_70Z03822DS0000002_7008/
moco-93fe7977dbe17607,2026-08-20,2026-08-20,Lockheed Martin,Bethesda,verified,424164.0,National Aeronautics and Space Administration,National Aeronautics and Space Administration,Other,PISCES III - FS,"PALMDALE, LOS ANGELES, CA, UNITED STATES",80GRC026C0005,80GRC026C0005,USAspending,https://www.usaspending.gov/award/CONT_AWD_80GRC026C0005_8000_-NONE-_-NONE-/
moco-95cb94cf92a5c3d0,2026-08-18,2026-08-18,Abt Global,Rockville,strong,0.0,Department of Health and Human Services,Centers for Medicare and Medicaid Services,Professional Services,"HOME HEALTH QUALITY MEASUREMENT, VALUE-BASED PURCHASING MODEL AND HOSPICE ASSESSMENT INSTRUMENTS DEVELOPMENT AND MAINTENANCE","ROCKVILLE, MONTGOMERY, MD, UNITED STATES",75FCMC24F0011,75FCMC24F0011,USAspending,https://www.usaspending.gov/award/CONT_AWD_75FCMC24F0011_7530_75FCMC18D0014_7530/
moco-917d5a7cdf8e206a,2026-08-17,2026-08-17,Abt Global,Rockville,strong,-3500000.0,Department of State,Department of State,Life Sciences / Biodefense,EFFICIENCIES FOR CLINICAL HIV OUTCOMES (ECHO) ACTIVITY IN MOZAMBIQUE,MOZAMBIQUE,72065619C00008,72065619C00008,USAspending,https://www.usaspending.gov/award/CONT_AWD_72065619C00008_7200_-NONE-_-NONE-/
moco-beaebcdba495cbf8,2026-08-13,2026-08-13,Lockheed Martin,Bethesda,verified,0.0,National Aeronautics and Space Administration,National Aeronautics and Space Administration,Other,"THE DESIGN, CONSTRUCTION, AND FLIGHT VALIDATION OF THE LOW-BOOM FLIGHT DEMONSTRATION (LBFD) AIRCRAFT TO VALIDATE TECHNOLOGIES APPLICABLE TO LOW SONIC BOOM AIRCRAFT. DEVELOP COMMUNITY RESPONSE DATABASE FOR SUPERSONIC OVERLAND FLIGHT STANDARDS.","PALMDALE, LOS ANGELES, CA, UNITED STATES",80AFRC18C0018,80AFRC18C0018,USAspending,https://www.usaspending.gov/award/CONT_AWD_80AFRC18C0018_8000_-NONE-_-NONE-/
moco-1c25b782f5b285fc,2026-08-13,2026-08-13,Lockheed Martin,Bethesda,verified,311653.32,Department of Homeland Security,U.S. Coast Guard,Software / IT,OPTION PERIOD 4 FOR PREVENTIVE MAINTENANCE SUPPORT FOR THE PORTS & WATERWAYS SAFETY SYSTEM (PAWSS),"MANASSAS, PRINCE WILLIAM, VA, UNITED STATES",70Z04422FC2PL0012,70Z04422FC2PL0012,USAspending,https://www.usaspending.gov/award/CONT_AWD_70Z04422FC2PL0012_7008_70Z04422DC2PL0002_7008/
moco-61b73f0883986349,2026-08-12,2026-08-12,Lockheed Martin,Bethesda,verified,1672509.71,Department of Homeland Security,U.S. Coast Guard,Software / IT,OPTION YEAR 4 FOR CORRECTIVE MAINTENANCE SUPPORT FOR THE PORTS & WATERWAYS SAFETY SYSTEM (PAWSS).,"LIVERPOOL, ONONDAGA, NY, UNITED STATES",70Z04422FC2PL0011,70Z04422FC2PL0011,USAspending,https://www.usaspending.gov/award/CONT_AWD_70Z04422FC2PL0011_7008_70Z04422DC2PL0002_7008/
moco-66d19a4206fb82e2,2026-08-11,2026-08-11,Abt Global,Rockville,strong,-5992.0,Department of Veterans Affairs,Department of Veterans Affairs,Professional Services,VHA DATA & HOMELESS MANAGEMENT INFORMATION SYSTEM (HMIS) SERVICES DE-OBLIGATION OF FUNDING FROM BASE YEAR,"ROCKVILLE, MONTGOMERY, MD, UNITED STATES",36C10X25C0006,36C10X25C0006,USAspending,https://www.usaspending.gov/award/CONT_AWD_36C10X25C0006_3600_-NONE-_-NONE-/
moco-f04141570f5d2ba0,2026-08-07,2026-08-07,Lockheed Martin,Bethesda,verified,999926.0,National Aeronautics and Space Administration,National Aeronautics and Space Administration,Other,DAMASCUS - CD,"FORT WORTH, TARRANT, TX, UNITED STATES",80GRC026C0012,80GRC026C0012,USAspending,https://www.usaspending.gov/award/CONT_AWD_80GRC026C0012_8000_-NONE-_-NONE-/
moco-f1e2b4fe34a50b86,2026-08-06,2026-08-06,Abt Global,Rockville,strong,243733.47,Department of the Interior,Departmental Offices,Professional Services,ACF OPRE PATHWAYS 2.0 - EXERCISE OPTIONAL SERVICE COMPONENT 8,"ROCKVILLE, MONTGOMERY, MD, UNITED STATES",140D0423F0943,140D0423F0943,USAspending,https://www.usaspending.gov/award/CONT_AWD_140D0423F0943_1406_GS00F252CA_4732/
moco-8be6743d7dc61569,2026-08-05,2026-08-05,Abt Global,Rockville,strong,445734.18,Environmental Protection Agency,Environmental Protection Agency,Professional Services,OLEM LARGE MISSION SUPPORT CALL ORDER TITLE: SUPPORT FOR CLEAN WATER ACT AND HAZARDOUS SUBSTANCE REGULATORY ACTIVITIES P00005: EXERCISE AND FULLY FUND OPTION PERIOD 1 AND FUND SUBTASK 1.1 UNDER THE BASE PERIOD,"ROCKVILLE, MONTGOMERY, MD, UNITED STATES",68HERH25F0276,68HERH25F0276,USAspending,https://www.usaspending.gov/award/CONT_AWD_68HERH25F0276_6800_68HE0P24A0003_6800/
moco-586f181ad45fc5de,2026-08-05,2026-08-05,Lockheed Martin,Bethesda,verified,790124.85,National Aeronautics and Space Administration,National Aeronautics and Space Administration,Other,"THE PURPOSE OF THIS MODIFICATION IS TO ADD INCREMENTAL FUNDING  THE INTERFACE REGION IMAGING SPECTROGRAPH (IRIS) IS A NASA SMALL EXPLORER MISSION THAT OBSERVES THE SUN'S CHROMOSPHERE AND TRANSITION REGION, ALSO KNOWN AS THE INTERFACE REGION. IRIS IS DESIGNED TO STUDY HOW ENERGY AND PLASMA MOVE WITHIN THIS REGION, WHICH HELPS US UNDERSTAND HOW THE SUN'S CORONA IS HEATED AND HOW SOLAR ACTIVITY IMPACTS EARTH'S SPACE ENVIRONMENT. THIS MISSION FILLS A CRUCIAL GAP IN OUR ABILITY TO ADVANCE SUN-EARTH CONNECTION STUDIES BY TRACING THE FLOW OF ENERGY AND PLASMA INTO THE CORONA AND HELIOSPHERE FOR WHICH NO SUITABLE OBSERVATIONS EXIST.","PALO ALTO, SANTA CLARA, CA, UNITED STATES",NNG09FA40C,NNG09FA40C,USAspending,https://www.usaspending.gov/award/CONT_AWD_NNG09FA40C_8000_-NONE-_-NONE-/
moco-dfa92e10c2616a65,2026-08-04,2026-08-04,Abt Global,Rockville,strong,126321.41,Environmental Protection Agency,Environmental Protection Agency,Professional Services,"OLEM LARGE MISSION SUPPORT CALL ORDER TITLE: MEXICO AND CANADA BORDER CONTINGENCY PLANNING AND PREPAREDNESS P00002: EXERCISE AND FULLY FUND OPTION PERIOD 1 FOR THE PERIOD SEPTEMBER 1, 2026 THROUGH AUGUST 31, 2027","ROCKVILLE, MONTGOMERY, MD, UNITED STATES",68HERH25F0299,68HERH25F0299,USAspending,https://www.usaspending.gov/award/CONT_AWD_68HERH25F0299_6800_68HE0P24A0003_6800/
moco-3022db2f2224c10a,2026-08-04,2026-08-04,Lockheed Martin,Bethesda,verified,0.0,National Aeronautics and Space Administration,National Aeronautics and Space Administration,Other,TASK 4 TOMB RAIDER PHASE 2,"FORT WORTH, TARRANT, TX, UNITED STATES",80ARC020F0107,80ARC020F0107,USAspending,https://www.usaspending.gov/award/CONT_AWD_80ARC020F0107_8000_80ARC019D0008_8000/
moco-3e03a61e874c8f68,2026-08-03,2026-08-03,Lockheed Martin,Bethesda,verified,-22089.57,Department of Health and Human Services,Centers for Disease Control and Prevention,Professional Services,MAGNETIC COMMUNICATION SYSTEM FOR USE IN MINE ENVIORNMENTS,"PITTSBURGH, ALLEGHENY, PA, UNITED STATES",HHSD200200722843C,HHSD200200722843C,USAspending,https://www.usaspending.gov/award/CONT_AWD_HHSD200200722843C_7523_-NONE-_-NONE-/
moco-1c822288258d5d2f,2026-07-31,2026-07-31,Lockheed Martin,Bethesda,verified,468678.25,Department of Commerce,National Oceanic and Atmospheric Administration,Other,LOCKHEED L-382J TRAINING SERVICES,"LIVERPOOL, ONONDAGA, NY, UNITED STATES",1305M226P0195,1305M226P0195,USAspending,https://www.usaspending.gov/award/CONT_AWD_1305M226P0195_1330_-NONE-_-NONE-/
moco-c293a56d77771554,2026-07-30,2026-07-30,Abt Global,Rockville,strong,-178926.48,Environmental Protection Agency,Environmental Protection Agency,Professional Services,TASK ORDER FOR SUPPORT FOR OEM/RMD: EVALUATIONS AND MEASURES MODIFICATION P00008: MODIFICATION TO DEOBLIGATE EXCESS FUNDING,"ROCKVILLE, MONTGOMERY, MD, UNITED STATES",68HERH23F0303,68HERH23F0303,USAspending,https://www.usaspending.gov/award/CONT_AWD_68HERH23F0303_6800_68HERH23D0012_6800/
moco-b98d81a4b80ed934,2026-07-29,2026-07-29,Abt Global,Rockville,strong,0.0,Department of Commerce,National Oceanic and Atmospheric Administration,Professional Services,"IAW FAR 52.212-4(C) CHANGES, THIS MOD WILL PERFORM A NO-COST EXTENSION TO EXTEND THE POP END DATE TO NOVEMBER 30, 2026.","ROCKVILLE, MONTGOMERY, MD, UNITED STATES",1305M223FNCNR0437,1305M223FNCNR0437,USAspending,https://www.usaspending.gov/award/CONT_AWD_1305M223FNCNR0437_1330_1305M220ANCNR0053_1330/
moco-259e01fa7ba46cad,2026-07-29,2026-07-29,Abt Global,Rockville,strong,67377.0,Department of Labor,Office of the Assistant Secretary for Administration and Management,Professional Services,OASP LONG TERM EVALUATION OF AAI AND TAACCCT GRANTS,"ROCKVILLE, MONTGOMERY, MD, UNITED STATES",1605C224F00037,1605C224F00037,USAspending,https://www.usaspending.gov/award/CONT_AWD_1605C224F00037_1605_1605C223A0002_1605/
moco-734da24ec09529c1,2026-07-28,2026-07-28,Abt Global,Rockville,strong,618427.26,Environmental Protection Agency,Environmental Protection Agency,Professional Services,"OLEM LARGE MISSION SUPPORT CALL ORDER TITLE: HAZARDOUS WASTE SITE CLEANUP TECHNICAL PRODUCT SUPPORT. P0003: EXERCISE OPTION PERIOD 1, UPDATE COR/ACOR ROLES, AND INCORPORATE APPROVED INDIRECT RATES","ROCKVILLE, MONTGOMERY, MD, UNITED STATES",68HERH25F0253,68HERH25F0253,USAspending,https://www.usaspending.gov/award/CONT_AWD_68HERH25F0253_6800_68HE0P24A0003_6800/
moco-6aeaabfbe707b936,2026-07-27,2026-07-27,Lockheed Martin,Bethesda,verified,-50361.3,National Aeronautics and Space Administration,National Aeronautics and Space Administration,Other,PISCES II,"FORT WORTH, TARRANT, TX, UNITED STATES",80ARC021F0041,80ARC021F0041,USAspending,https://www.usaspending.gov/award/CONT_AWD_80ARC021F0041_8000_80ARC019D0008_8000/
moco-63976587c11be55f,2026-07-27,2026-07-27,Lockheed Martin,Bethesda,verified,-809450.0,National Aeronautics and Space Administration,National Aeronautics and Space Administration,Other,ADVANCED AIRCRAFT TECHNOLOGY,"PALMDALE, LOS ANGELES, CA, UNITED STATES",NNA14AA45C,NNA14AA45C,USAspending,https://www.usaspending.gov/award/CONT_AWD_NNA14AA45C_8000_-NONE-_-NONE-/
moco-78df71c324fcb9fb,2026-07-24,2026-07-24,Abt Global,Rockville,strong,-244911.33,Environmental Protection Agency,Environmental Protection Agency,Professional Services,NATIONAL CENTER FOR ENVIRONMENTAL ECONOMICS (NCEE) MISSION SUPPORT CONTRACT   MOD P00109: DE-OBLIGATE FUNDS,"BETHESDA, MONTGOMERY, MD, UNITED STATES",EPW17009,EPW17009,USAspending,https://www.usaspending.gov/award/CONT_AWD_EPW17009_6800_-NONE-_-NONE-/
moco-47d88415448224f2,2026-07-24,2026-07-24,Abt Global,Rockville,strong,0.0,Environmental Protection Agency,Environmental Protection Agency,Professional Services,TITLE: OPPT ECONOMIC ANALYSIS AND RULEMAKING SUPPORT   P00026: SWAP FUNDING.,"ROCKVILLE, MONTGOMERY, MD, UNITED STATES",68HERH23F0085,68HERH23F0085,USAspending,https://www.usaspending.gov/award/CONT_AWD_68HERH23F0085_6800_68HERH22A0018_6800/
moco-d263b3ea0f3b3c9d,2026-07-22,2026-07-22,Abt Global,Rockville,strong,0.0,Department of Health and Human Services,Centers for Disease Control and Prevention,Professional Services,SURVEYS TO MONITOR VACCINATION COVERAGE FOR PREGNANT WOMEN,"ROCKVILLE, MONTGOMERY, MD, UNITED STATES",75D30122F15616,75D30122F15616,USAspending,https://www.usaspending.gov/award/CONT_AWD_75D30122F15616_7523_GS00F252CA_4732/
moco-017d632e0d0e45ef,2026-07-21,2026-07-21,Lockheed Martin,Bethesda,verified,0.0,Department of the Interior,Departmental Offices,Other,EO 14398 - THIS MODIFICATION ADDS FAR (RFO) 52.222-90; SPACE POWER CONVERSION ELECTRONICS (SPCE) USING GALLIUM NITRIDE FIELD-EFFECT TRANSISTORS & ULTRA-HIGH-DENSITY POINT OF LOAD CONVERTORS FOR SMALLER-SIZES AND RADIATION-TOLERANCE (GHOST),"ORLANDO, ORANGE, FL, UNITED STATES",140D0423C0085,140D0423C0085,USAspending,https://www.usaspending.gov/award/CONT_AWD_140D0423C0085_1406_-NONE-_-NONE-/
moco-beef64a72fd295ff,2026-07-18,2026-07-18,Hughes Network Systems,Germantown,strong,0.0,Department of Veterans Affairs,Department of Veterans Affairs,Advanced Communications,"INCORPORATE FAR 52.222-90 AS DIRECTED BY EXECUTIVE ORDER 14398, ADDRESSING DEI DISCRIMINATION BY FEDERAL CONTRACTORS.","GUSTINE, MERCED, CA, UNITED STATES",36C78624P50124,36C78624P50124,USAspending,https://www.usaspending.gov/award/CONT_AWD_36C78624P50124_3600_-NONE-_-NONE-/
moco-eb92db27a651ac6a,2026-07-17,2026-07-17,Abt Global,Rockville,strong,34478.71,Department of Housing and Urban Development,Department of Housing and Urban Development,Professional Services,EVALUATION OF THE MOVING TO WORK (MTW) EXPANSION ASSET BUILDING COHORT.,"ROCKVILLE, MONTGOMERY, MD, UNITED STATES",86614823F00004,86614823F00004,USAspending,https://www.usaspending.gov/award/CONT_AWD_86614823F00004_8600_GS00F252CA_4732/
moco-80437a3ff7e8b150,2026-07-17,2026-07-17,Abt Global,Rockville,strong,0.0,Department of Energy,Department of Energy,Professional Services,THE PURPOSE OF THIS MODIFICATION IS TO EXTEND THE POP END DATE FROM 07/20/2026 TO 08/31/26 AT THE REQUEST OF THE CONTRACTOR WITH NO ADDITIONAL COST.,"RICHLAND, BENTON, WA, UNITED STATES",89303925FEM000371,89303925FEM000371,USAspending,https://www.usaspending.gov/award/CONT_AWD_89303925FEM000371_8900_89303924AEM000031_8900/
moco-6143c49aefeac412,2026-07-15,2026-07-15,Abt Global,Rockville,strong,0.0,Department of Education,Department of Education,Professional Services,"SCHOLARSHIPS FOR OPPORTUNITY AND RESULTS (SOAR) RE-AUTHORIZATION ACT, EVALUATING THE DC OPPORTUNITY SCHOLARSHIP PROGRAM","WASHINGTON, DISTRICT OF COLUMBIA, DC, UNITED STATES",91990019C0004,91990019C0004,USAspending,https://www.usaspending.gov/award/CONT_AWD_91990019C0004_9100_-NONE-_-NONE-/
moco-07e243f8856b92d0,2026-07-14,2026-07-14,Abt Global,Rockville,strong,235028.0,Environmental Protection Agency,Environmental Protection Agency,Professional Services,"PSC R499 - FEDERAL FACILITIES ENFORCEMENT OFFICE (FFEO) ANALYTICAL, DATA, INSPECTION, TRAINING AND ENFORCEMENT AND COMPLIANCE-RELATED MISSION SUPPORT","ROCKVILLE, MONTGOMERY, MD, UNITED STATES",68HERC22F0480,68HERC22F0480,USAspending,https://www.usaspending.gov/award/CONT_AWD_68HERC22F0480_6800_68HERC22D0009_6800/
moco-ae255d8b4ec004a5,2026-07-13,2026-07-13,Abt Global,Rockville,strong,0.0,Department of Housing and Urban Development,Department of Housing and Urban Development,Professional Services,IMPLEMENTATION OF PHASE 2 AND COMPREHENSIVE EVALUATION OF THE COMMUNITY CHOICE DEMONSTRATION (CCD),"ROCKVILLE, MONTGOMERY, MD, UNITED STATES",86614923F00037,86614923F00037,USAspending,https://www.usaspending.gov/award/CONT_AWD_86614923F00037_8600_GS00F252CA_4732/
moco-1e4490bec09b5ce1,2026-07-13,2026-07-13,Abt Global,Rockville,strong,195045.0,Environmental Protection Agency,Environmental Protection Agency,Professional Services,"B533-ENGINEERING,  TREATMENT TECHNICAL UNIT COST SUPPORT FOR MDBP RULEMAKING BY DEVELOPING WBS MODELS","ROCKVILLE, MONTGOMERY, MD, UNITED STATES",68HERW26F0137,68HERW26F0137,USAspending,https://www.usaspending.gov/award/CONT_AWD_68HERW26F0137_6800_68HERC24A0002_6800/
moco-5ff73e9e6decd4ab,2026-07-08,2026-07-08,Abt Global,Rockville,strong,0.0,Department of Health and Human Services,Centers for Medicare and Medicaid Services,Other,IMPLEMENTATION AND MONITORING (I&M) OF THE MAKE AMERICA HEALTHY AGAIN (MAHA) ENHANCING LIFESTYLE & EVALUATING VALUE-BASED APPROACHES THROUGH EVIDENCE (ELEVATE) MODEL. THE MODEL'S INITIATIVE AIMS TO GATHER INNOVATIVE PROPOSALS FROM A DIVERSE RANGE OF,"ROCKVILLE, MONTGOMERY, MD, UNITED STATES",75FCMC26F0074,75FCMC26F0074,USAspending,https://www.usaspending.gov/award/CONT_AWD_75FCMC26F0074_7530_75FCMC19D0080_7530/
moco-ff20ab5326346837,2026-07-06,2026-07-06,Lockheed Martin,Bethesda,verified,553000.0,Department of Defense,Department of the Navy,Defense Technology,"NRP,MODULE,ACOUSTIC","MANASSAS, PRINCE WILLIAM, VA, UNITED STATES",N0010426FCU0V,N0010426FCU0V,USAspending,https://www.usaspending.gov/award/CONT_AWD_N0010426FCU0V_9700_N0010425GCU01_9700/
moco-fd3edbd48b8a1377,2026-07-06,2026-07-06,Lockheed Martin,Bethesda,verified,8947427.0,Department of Defense,Defense Microelectronics Activity,Defense Technology,THE ADVANCED TECHNOLOGY SUPPORT PROGRAM (ATSP) CONTRACT ACQUIRES PROGRESSIVE MICROELECTRONIC CAPABILITY SOLUTIONS FOR STORMBREAKER.,"MOORESTOWN, BURLINGTON, NJ, UNITED STATES",HQ072725FE073,HQ072725FE073,USAspending,https://www.usaspending.gov/award/CONT_AWD_HQ072725FE073_9700_HQ072716D0001_9700/
moco-faba6106d6f3647e,2026-07-06,2026-07-06,Lockheed Martin,Bethesda,verified,-22295.34,Department of Defense,Department of the Air Force,Defense,F16 REPAIR AND RETURN FMS FOR COUNTRY OF TAIWAN,"FORT WORTH, TARRANT, TX, UNITED STATES",FA823220F0226,FA823220F0226,USAspending,https://www.usaspending.gov/award/CONT_AWD_FA823220F0226_9700_F4262001D0058_9700/
moco-e5dad6c7822481ef,2026-07-06,2026-07-06,Lockheed Martin,Bethesda,verified,-31158.48,Department of Defense,Department of the Air Force,Defense,FOREIGN MILITARY SALES REPAIR AND RETURN FOR TAIWAN,"FORT WORTH, TARRANT, TX, UNITED STATES",FA823220F0270,FA823220F0270,USAspending,https://www.usaspending.gov/award/CONT_AWD_FA823220F0270_9700_F4262001D0058_9700/
moco-e419659aa1656c99,2026-07-06,2026-07-06,Lockheed Martin,Bethesda,verified,4636475.0,Department of Defense,Missile Defense Agency,Defense Technology,TASK ORDER 02 MISSION SOFTWARE,"GAITHERSBURG, MONTGOMERY, MD, UNITED STATES",HQ085224F0006,HQ085224F0006,USAspending,https://www.usaspending.gov/award/CONT_AWD_HQ085224F0006_9700_HQ085224D0003_9700/
moco-e04d653a57986859,2026-07-06,2026-07-06,Lockheed Martin,Bethesda,verified,2142000.0,Department of Defense,Department of the Navy,Defense,EMERGENT AVAILABILITIES - LABOR,"JACKSONVILLE, DUVAL, FL, UNITED STATES",N6278623F0018,N6278623F0018,USAspending,https://www.usaspending.gov/award/CONT_AWD_N6278623F0018_9700_N0002419G2319_9700/
moco-dccfbcc70ad2792e,2026-07-06,2026-07-06,Lockheed Martin,Bethesda,verified,-527789.08,Department of Defense,Department of the Air Force,Defense,FOREIGN MILITARY SALES REPAIR AND RETURN FOR TAIWAN,"FORT WORTH, TARRANT, TX, UNITED STATES",FA823222F0236,FA823222F0236,USAspending,https://www.usaspending.gov/award/CONT_AWD_FA823222F0236_9700_F4262001D0058_9700/
moco-dc0f579a89cfefe4,2026-07-06,2026-07-06,Lockheed Martin,Bethesda,verified,86459.15,Department of Defense,Department of the Air Force,Defense,REPLACE THE EXISTING F-22 FACTORY COMMON AUTOMATIC TEST STATION (FCATS) WITH THE VERSATILE DIAGNOSTIC AUTOMATIC TEST SYSTEM (VDATS) DIGITAL ANALOG VERSION 2 (DA-2),"FORT WORTH, TARRANT, TX, UNITED STATES",FA820521F0316,FA820521F0316,USAspending,https://www.usaspending.gov/award/CONT_AWD_FA820521F0316_9700_FA820518D0001_9700/
moco-da9e8e707ef046b4,2026-07-06,2026-07-06,Lockheed Martin,Bethesda,verified,-34000.0,Department of Defense,Department of the Navy,Defense Technology,"CCA,DISCRETE MULTI","ORLANDO, ORANGE, FL, UNITED STATES",N0010425PLB76,N0010425PLB76,USAspending,https://www.usaspending.gov/award/CONT_AWD_N0010425PLB76_9700_-NONE-_-NONE-/
moco-d4c000a8718747d3,2026-07-06,2026-07-06,Lockheed Martin,Bethesda,verified,-38370.0,Department of Defense,Department of the Navy,Defense,"PANEL,POWER DISTRIB","MANASSAS, PRINCE WILLIAM, VA, UNITED STATES",N0010425PNB63,N0010425PNB63,USAspending,https://www.usaspending.gov/award/CONT_AWD_N0010425PNB63_9700_-NONE-_-NONE-/
moco-d38e378e7a76d157,2026-07-06,2026-07-06,Lockheed Martin,Bethesda,verified,-146725.5,Department of Defense,Department of the Air Force,Defense,F16 FOREIGN MILITARY SALES FOR THE COUNTRY OF TAIWAN,"FORT WORTH, TARRANT, TX, UNITED STATES",FA823220F0264,FA823220F0264,USAspending,https://www.usaspending.gov/award/CONT_AWD_FA823220F0264_9700_F4262001D0058_9700/
moco-d01cb518dec16615,2026-07-06,2026-07-06,Lockheed Martin,Bethesda,verified,-206403.04,Department of Defense,Department of the Air Force,Defense,FOREIGN MILITARY SALES REPAIR AND RETURN FOR TAIWAN,"FORT WORTH, TARRANT, TX, UNITED STATES",FA823222F0122,FA823222F0122,USAspending,https://www.usaspending.gov/award/CONT_AWD_FA823222F0122_9700_F4262001D0058_9700/
moco-cfac2311025d06d0,2026-07-06,2026-07-06,Lockheed Martin,Bethesda,verified,-276707.06,Department of Defense,Department of the Air Force,Defense,FOREIGN MILITARY SALES REPAIR AND RETURN FOR TAIWAN.,"FORT WORTH, TARRANT, TX, UNITED STATES",FA823219F0286,FA823219F0286,USAspending,https://www.usaspending.gov/award/CONT_AWD_FA823219F0286_9700_F4262001D0058_9700/
moco-c474371ed77fd5fd,2026-07-06,2026-07-06,Lockheed Martin,Bethesda,verified,-374878.18,Department of Defense,Department of the Air Force,Defense,FOREIGN MILITARY SALES REPAIR AND RETURN FOR TAIWAN,"FORT WORTH, TARRANT, TX, UNITED STATES",FA823222F0028,FA823222F0028,USAspending,https://www.usaspending.gov/award/CONT_AWD_FA823222F0028_9700_F4262001D0058_9700/
moco-c1e198cb75497cac,2026-07-06,2026-07-06,Lockheed Martin,Bethesda,verified,515.87,Department of Defense,Defense Logistics Agency,Defense,8512220713!PIN-RIVET,"O FALLON, SAINT CHARLES, MO, UNITED STATES",SPE4A226F6753,SPE4A226F6753,USAspending,https://www.usaspending.gov/award/CONT_AWD_SPE4A226F6753_9700_SPE4AX25D5000_9700/
moco-bb957aa96a1f4728,2026-07-06,2026-07-06,Lockheed Martin,Bethesda,verified,-353551.53,Department of Defense,Department of the Air Force,Defense,"F16 FOREIGN MILITARY SALES FOR DEOBLIGATE FUNDS TO VALVE, BUTTERFLY, MOTOR S NO 1498 FOR REPAIR AND RETURN FOR TAIWAN","FORT WORTH, TARRANT, TX, UNITED STATES",FA823222F0332,FA823222F0332,USAspending,https://www.usaspending.gov/award/CONT_AWD_FA823222F0332_9700_F4262001D0058_9700/
moco-b2940f00d1a996b9,2026-07-06,2026-07-06,Lockheed Martin,Bethesda,verified,-37338.0,Department of Defense,Department of the Air Force,Defense,COMMON ORGANIZATIONAL LEVEL TESTER (COLT),"ORLANDO, ORANGE, FL, UNITED STATES",FA853325F0087,FA853325F0087,USAspending,https://www.usaspending.gov/award/CONT_AWD_FA853325F0087_9700_FA853318D0002_9700/
moco-adec77885b954abe,2026-07-06,2026-07-06,Lockheed Martin,Bethesda,verified,19298.0,Department of Defense,U.S. Special Operations Command,Defense,SSAVIE - CP2,"LEXINGTON, FAYETTE, KY, UNITED STATES",H9225423F2658,H9225423F2658,USAspending,https://www.usaspending.gov/award/CONT_AWD_H9225423F2658_9700_H9225417D0001_9700/
moco-83e3c61cbc690dd8,2026-07-06,2026-07-06,Lockheed Martin,Bethesda,verified,-7619.96,Department of Defense,Department of the Navy,Defense,DEFINITIZATION FOR REPAIR.,"LIVERPOOL, ONONDAGA, NY, UNITED STATES",N0038323FDT0H,N0038323FDT0H,USAspending,https://www.usaspending.gov/award/CONT_AWD_N0038323FDT0H_9700_N0038323GDT01_9700/
moco-8278a2790276abe1,2026-07-06,2026-07-06,Lockheed Martin,Bethesda,verified,-26490.64,Department of Defense,Department of the Air Force,Defense,FOREIGN MILITARY SALES REPAIR AND RETURN FOR PAKISTAN.,"FORT WORTH, TARRANT, TX, UNITED STATES",FA823219F0059,FA823219F0059,USAspending,https://www.usaspending.gov/award/CONT_AWD_FA823219F0059_9700_F4262001D0058_9700/
moco-7d46294496fe6a88,2026-07-06,2026-07-06,Lockheed Martin,Bethesda,verified,-75880.45,Department of Defense,Department of the Air Force,Defense,F16 FMS FOR COUNTRY OF TAIWAN,"FORT WORTH, TARRANT, TX, UNITED STATES",FA823220F0262,FA823220F0262,USAspending,https://www.usaspending.gov/award/CONT_AWD_FA823220F0262_9700_F4262001D0058_9700/
moco-7af8b4c1c1e4a50d,2026-07-06,2026-07-06,Lockheed Martin,Bethesda,verified,-94132.04,Department of Defense,Department of the Navy,Defense,DEOB FUNDING TO EXPEDITE CLOSE OUT,AUSTRALIA,N0001923F2554,N0001923F2554,USAspending,https://www.usaspending.gov/award/CONT_AWD_N0001923F2554_9700_N0001920D0001_9700/
moco-7604c8470362fd2d,2026-07-06,2026-07-06,Lockheed Martin,Bethesda,verified,0.0,Department of Defense,Department of the Army,Defense,THIS REQUIREMENT IS FOR THE PRECISION STRIKE MISSILE INCREMENT 2 DEVELOPMENT AND DEMONSTRATION.,"GRAND PRAIRIE, DALLAS, TX, UNITED STATES",W31P4Q22F0106,W31P4Q22F0106,USAspending,https://www.usaspending.gov/award/CONT_AWD_W31P4Q22F0106_9700_W31P4Q22D0002_9700/
moco-71b57701f48fc051,2026-07-06,2026-07-06,Lockheed Martin,Bethesda,verified,-152516.94,Department of Defense,Department of the Air Force,Defense,F16 FOREIGN MILITARY SALES FOR THE COUNTRY OF TAIWAN,"FORT WORTH, TARRANT, TX, UNITED STATES",FA823220F0284,FA823220F0284,USAspending,https://www.usaspending.gov/award/CONT_AWD_FA823220F0284_9700_F4262001D0058_9700/
moco-6f58d8473c1fff65,2026-07-06,2026-07-06,Lockheed Martin,Bethesda,verified,-291301.61,Department of Defense,Department of the Air Force,Defense,F16 FOREIGN MILITARY SALES FOR THE COUNTRY OF TAIWAN,"FORT WORTH, TARRANT, TX, UNITED STATES",FA823220F0279,FA823220F0279,USAspending,https://www.usaspending.gov/award/CONT_AWD_FA823220F0279_9700_F4262001D0058_9700/
moco-6ec6b9f5d236d299,2026-07-06,2026-07-06,Lockheed Martin,Bethesda,verified,-9513.09,Department of Defense,Department of the Air Force,Defense,FOREIGN MILITARY SALES REPAIR AND RETURN FOR TAIWAN,"FORT WORTH, TARRANT, TX, UNITED STATES",FA823220F0254,FA823220F0254,USAspending,https://www.usaspending.gov/award/CONT_AWD_FA823220F0254_9700_F4262001D0058_9700/
moco-6bd0aa065bb3bfc4,2026-07-06,2026-07-06,Lockheed Martin,Bethesda,verified,5401514.0,Department of Defense,Department of the Navy,Defense,ENGINEERING SERVICES (USN),"MANASSAS, PRINCE WILLIAM, VA, UNITED STATES",N0002417C6259,N0002417C6259,USAspending,https://www.usaspending.gov/award/CONT_AWD_N0002417C6259_9700_-NONE-_-NONE-/
moco-629b4142f6b3a9ed,2026-07-06,2026-07-06,Lockheed Martin,Bethesda,verified,-1078662.61,Department of Defense,Department of the Air Force,Defense,FOREIGN MILITARY SALES FOR REPAIR AND RETURN FOR TUBE UNIT ASSEMBLY FOR TAIWAN,"FORT WORTH, TARRANT, TX, UNITED STATES",FA823223F0401,FA823223F0401,USAspending,https://www.usaspending.gov/award/CONT_AWD_FA823223F0401_9700_F4262001D0058_9700/
moco-5853990c1cb6a386,2026-07-06,2026-07-06,Lockheed Martin,Bethesda,verified,-659076.54,Department of Defense,Department of the Air Force,Defense,F16 FOREIGN MILITARY SALES FOR THE COUNTRY OF TAIWAN.,"FORT WORTH, TARRANT, TX, UNITED STATES",FA823221F0145,FA823221F0145,USAspending,https://www.usaspending.gov/award/CONT_AWD_FA823221F0145_9700_F4262001D0058_9700/
moco-569ffa208cecdc4d,2026-07-06,2026-07-06,Lockheed Martin,Bethesda,verified,2989725.0,Department of Defense,Missile Defense Agency,Defense,"THE CONTRACTOR SHALL PROVIDE THE NECESSARY MATERIAL AND TECHNICAL ENGINEERING TO DEFINE, DEVELOP, INTEGRATE, TEST, DELIVER, INSTALL, AND SUSTAIN WS CAPABILITY IN SUPPORT OF MDA MISSION TO INCLUDE REGIONAL AND HOMELAND DEFENSE CAPABILITIES.","MOORESTOWN, BURLINGTON, NJ, UNITED STATES",HQ085121C0002,HQ085121C0002,USAspending,https://www.usaspending.gov/award/CONT_AWD_HQ085121C0002_9700_-NONE-_-NONE-/
moco-4cf8214d806a9bc8,2026-07-06,2026-07-06,Lockheed Martin,Bethesda,verified,119691.0,Department of Defense,Department of the Navy,Defense,NSN: 7R 5841 015602895 PN: 264A020-1NOMEN: RECEIVER-TRANSMITTER FMS CASE: SR-P-MALCRITICAL APPLICATION ITEM (CAI),"OWEGO, TIOGA, NY, UNITED STATES",N0038326F0214,N0038326F0214,USAspending,https://www.usaspending.gov/award/CONT_AWD_N0038326F0214_9700_N0038326GAB01_9700/
moco-460c3ec7f3a80971,2026-07-06,2026-07-06,Lockheed Martin,Bethesda,verified,5183504.0,Department of Defense,Defense Logistics Agency,Defense,"PROCESSOR,RADAR DAT","OWEGO, TIOGA, NY, UNITED STATES",SPRPA126FF50B,SPRPA126FF50B,USAspending,https://www.usaspending.gov/award/CONT_AWD_SPRPA126FF50B_9700_N0038326GAB01_9700/
moco-441a395127f6b9cc,2026-07-06,2026-07-06,Lockheed Martin,Bethesda,verified,99927.0,Department of Defense,Department of the Navy,Defense,DATA PROCESSING SUBSYSTEM IN SERVICE ENGINEERING,"NEWPORT, RI, UNITED STATES",N6660425P0571,N6660425P0571,USAspending,https://www.usaspending.gov/award/CONT_AWD_N6660425P0571_9700_-NONE-_-NONE-/
moco-3e27ca637b4f145a,2026-07-06,2026-07-06,Lockheed Martin,Bethesda,verified,-179280.93,Department of Defense,Department of the Air Force,Defense,F16 FOREIGN MILITARY SALES FOR THE COUNTRY OF TAIWAN.,"FORT WORTH, TARRANT, TX, UNITED STATES",FA823221F0345,FA823221F0345,USAspending,https://www.usaspending.gov/award/CONT_AWD_FA823221F0345_9700_F4262001D0058_9700/
moco-32f9eb1925cfb474,2026-07-06,2026-07-06,Lockheed Martin,Bethesda,verified,5017826.7,Department of Defense,Department of the Army,Defense,"CONTRACT W52P1J-19-D-0006, TASK ORDER W52P1J-22-F-0456, MODERNIZED TARGET ACQUISITION DESIGNATION SIGHT/PILOT NIGHT VISION SENSOR (M-TADS/PNVS) POST-PRODUCTION SUPPORT SERVICES (PPSS)(IDIQ) SPECIAL REPAIR ACTIVITY UPGRADE","ORLANDO, ORANGE, FL, UNITED STATES",W58RGZ22F0456,W58RGZ22F0456,USAspending,https://www.usaspending.gov/award/CONT_AWD_W58RGZ22F0456_9700_W52P1J19D0006_9700/
moco-272297c984c86214,2026-07-06,2026-07-06,Lockheed Martin,Bethesda,verified,1883586.41,Department of Defense,Department of the Army,Defense,PROVIDE FIELD AND DEPOT LEVEL TECHNICAL AND MAINTENANCE SUPPORT FOR THE HIGH MOBILITY ARTILLERY ROCKET SYSTEM LAUNCHER LOADED MODULE AND MULTIPLE LAUNCH ROCKET SYSTEM FIRE CONTROL SYSTEM.,"GRAND PRAIRIE, DALLAS, TX, UNITED STATES",W31P4Q23C0014,W31P4Q23C0014,USAspending,https://www.usaspending.gov/award/CONT_AWD_W31P4Q23C0014_9700_-NONE-_-NONE-/
moco-1b7599be887de269,2026-07-06,2026-07-06,Lockheed Martin,Bethesda,verified,-155132.19,Department of Defense,Department of the Air Force,Defense,F16 FOREIGN MILITARY SALES FOR THE COUNTRY OF TAIWAN.,"FORT WORTH, TARRANT, TX, UNITED STATES",FA823221F0249,FA823221F0249,USAspending,https://www.usaspending.gov/award/CONT_AWD_FA823221F0249_9700_F4262001D0058_9700/
moco-f8eedb50508bc3c5,2026-07-02,2026-07-02,Lockheed Martin,Bethesda,verified,-520743.0,Department of Defense,U.S. Special Operations Command,Defense,EAC MOD TO RETURN POSITIVE VARIANCES.,"LEXINGTON, FAYETTE, KY, UNITED STATES",H9225423F2612,H9225423F2612,USAspending,https://www.usaspending.gov/award/CONT_AWD_H9225423F2612_9700_H9225417D0001_9700/
moco-ee6e0f90b91b5544,2026-07-02,2026-07-02,Lockheed Martin,Bethesda,verified,-2437.12,Department of Defense,Defense Logistics Agency,Defense,8508888765!,"FORT WORTH, TARRANT, TX, UNITED STATES",SPE4A222F3393,SPE4A222F3393,USAspending,https://www.usaspending.gov/award/CONT_AWD_SPE4A222F3393_9700_SPE4AX18D9003_9700/
moco-e96c227893cceb6c,2026-07-02,2026-07-02,Lockheed Martin,Bethesda,verified,39926.74,Department of Defense,Defense Logistics Agency,Defense,8512210846!ELECTRONIC COMPONEN,"VIRGINIA BEACH, VIRGINIA BEACH CITY, VA, UNITED STATES",SPE4A626F221J,SPE4A626F221J,USAspending,https://www.usaspending.gov/award/CONT_AWD_SPE4A626F221J_9700_SPE4A123G0026_9700/
moco-d92cab92940c7911,2026-07-02,2026-07-02,Lockheed Martin,Bethesda,verified,44.64,Department of Defense,Defense Logistics Agency,Defense,"8512207222!SCREW,CLOSE TOLERANCE","ORLANDO, ORANGE, FL, UNITED STATES",SPE4A226F6611,SPE4A226F6611,USAspending,https://www.usaspending.gov/award/CONT_AWD_SPE4A226F6611_9700_SPE4AX25D5000_9700/
moco-d11f873d5af98000,2026-07-02,2026-07-02,Lockheed Martin,Bethesda,verified,77974.0,Department of Defense,Department of the Navy,Defense,TECHNICAL LIAISON,"MOORESTOWN, BURLINGTON, NJ, UNITED STATES",N0002414C5104,N0002414C5104,USAspending,https://www.usaspending.gov/award/CONT_AWD_N0002414C5104_9700_-NONE-_-NONE-/
moco-c90afc89a3ea1019,2026-07-02,2026-07-02,Lockheed Martin,Bethesda,verified,66660696.0,Department of Defense,Department of the Air Force,Defense,F-16 VIPER SHIELD ELECTRONIC WARFARE PRODUCTION,"FORT WORTH, TARRANT, TX, UNITED STATES",FA861523C6050,FA861523C6050,USAspending,https://www.usaspending.gov/award/CONT_AWD_FA861523C6050_9700_-NONE-_-NONE-/
moco-c883c3424f116517,2026-07-02,2026-07-02,Lockheed Martin,Bethesda,verified,4107501.0,Department of Defense,Department of the Army,Defense Technology,"TASK ORDER PROVIDING SUPPORT FOR EVENT PLANNING, OPERATIONS, AND SUPPORT OF THE NATIONAL CYBER RANGE COMPLEX IN CHARLESTON, SC.","NORTH CHARLESTON, CHARLESTON, SC, UNITED STATES",W900KK23F0070,W900KK23F0070,USAspending,https://www.usaspending.gov/award/CONT_AWD_W900KK23F0070_9700_W900KK21D0006_9700/
moco-a8ebb662a80a87f0,2026-07-02,2026-07-02,Lockheed Martin,Bethesda,verified,0.0,Department of Defense,Department of the Army,Space / Satellite,PM SHEILD TAIWAN SUPPORT,"HUNTSVILLE, MADISON, AL, UNITED STATES",W31P4Q22C0060,W31P4Q22C0060,USAspending,https://www.usaspending.gov/award/CONT_AWD_W31P4Q22C0060_9700_-NONE-_-NONE-/
moco-88bed117acbcb553,2026-07-02,2026-07-02,Lockheed Martin,Bethesda,verified,-82810.0,Department of Defense,U.S. Special Operations Command,Defense,CEAC,"LEXINGTON, FAYETTE, KY, UNITED STATES",H9225423F2691,H9225423F2691,USAspending,https://www.usaspending.gov/award/CONT_AWD_H9225423F2691_9700_H9225417D0001_9700/
moco-86b6fe81bae68ccd,2026-07-02,2026-07-02,Lockheed Martin,Bethesda,verified,13982545.33,Department of Defense,Department of the Navy,Defense,"TO PROVIDE INCREMENTAL FUNDING, UPDATE THE PAYMENT OFFICE TO HQ0338, UPDATE THE SOW AND INCORPORATE AS ATTACHMENT J-3, AND UPDATE EXHIBIT A AND EXHIBIT A ATTACHMENT 1.","MANASSAS, PRINCE WILLIAM, VA, UNITED STATES",N0002426C5203,N0002426C5203,USAspending,https://www.usaspending.gov/award/CONT_AWD_N0002426C5203_9700_-NONE-_-NONE-/
moco-7b9c914557c0f7e5,2026-07-02,2026-07-02,Lockheed Martin,Bethesda,verified,6016072.06,Department of Defense,Department of the Army,Space / Satellite,MULTIPLE LAUNCH ROCKET SYSTEM RECAPITALIZATION,"GRAND PRAIRIE, DALLAS, TX, UNITED STATES",W31P4Q23C0032,W31P4Q23C0032,USAspending,https://www.usaspending.gov/award/CONT_AWD_W31P4Q23C0032_9700_-NONE-_-NONE-/
moco-760e3f882378de4d,2026-07-02,2026-07-02,Lockheed Martin,Bethesda,verified,25000.0,Department of Defense,Department of the Air Force,Defense,F-16 ON-SITE ENGINEERING SERVICES: CONFIGURATION AND MODIFICATIONS.,"FORT WORTH, TARRANT, TX, UNITED STATES",FA823224F0041,FA823224F0041,USAspending,https://www.usaspending.gov/award/CONT_AWD_FA823224F0041_9700_FA823222D0004_9700/
moco-6b43ccd424887b68,2026-07-02,2026-07-02,Lockheed Martin,Bethesda,verified,317461.77,Department of Defense,Department of the Navy,Defense,"THIS REQUIREMENT WILL PROVIDE LIFE-CYCLE LOGISTICS, ENGINEERING AND TECHNICAL SERVICES FOR ALL IN-SERVICE OR POST- PRODUCTION AEGIS WEAPON SYSTEM (AWS) REQUIRED TO PROVIDE LIFE-CYCLE SUPPORT.","MOORESTOWN, BURLINGTON, NJ, UNITED STATES",N6339426C4001,N6339426C4001,USAspending,https://www.usaspending.gov/award/CONT_AWD_N6339426C4001_9700_-NONE-_-NONE-/
moco-56b81eb5d0fa56a5,2026-07-02,2026-07-02,Lockheed Martin,Bethesda,verified,55.49,Department of Defense,Defense Logistics Agency,Defense,"8512207221!SCREW,CLOSE TOLERANCE","ORLANDO, ORANGE, FL, UNITED STATES",SPE4A226F6610,SPE4A226F6610,USAspending,https://www.usaspending.gov/award/CONT_AWD_SPE4A226F6610_9700_SPE4AX25D5000_9700/
moco-547a60f545840e26,2026-07-02,2026-07-02,Lockheed Martin,Bethesda,verified,-560082.58,Department of Defense,U.S. Special Operations Command,Defense,CEAC,"HURLBURT FIELD, OKALOOSA, FL, UNITED STATES",H9225424F2869,H9225424F2869,USAspending,https://www.usaspending.gov/award/CONT_AWD_H9225424F2869_9700_H9225417D0001_9700/
moco-53bd0625f71161fb,2026-07-02,2026-07-02,Lockheed Martin,Bethesda,verified,208725.0,Department of Defense,Missile Defense Agency,Defense,"AEGIS BMD SYSTEM-LEVEL MODELING AND SIMULATION (MS), INTEGRATION REQUIREMENTS THAT SUPPORT BMDS GT EVENTS, GTISS, VERIFICATION AND VALIDATION EFFORTS FOR GTISS AND OASIS, REACH-BACK V AND V SUPPORT FOR MS OPERATIONAL TEST RUNS FOR RECORD.","MOORESTOWN, BURLINGTON, NJ, UNITED STATES",HQ085126FE034,HQ085126FE034,USAspending,https://www.usaspending.gov/award/CONT_AWD_HQ085126FE034_9700_HQ085125DE001_9700/
moco-45e418604c05cc0e,2026-07-02,2026-07-02,Lockheed Martin,Bethesda,verified,2073363.1,Department of Defense,Defense Logistics Agency,Defense,NEW SPARES,"GRAND PRAIRIE, DALLAS, TX, UNITED STATES",SPRRA226F0067,SPRRA226F0067,USAspending,https://www.usaspending.gov/award/CONT_AWD_SPRRA226F0067_9700_SPRRA224D0011_9700/
moco-3f2a6e3421c261ca,2026-07-02,2026-07-02,Lockheed Martin,Bethesda,verified,13.64,Department of Defense,Defense Logistics Agency,Defense,"8512200821!SCREW,CLOSE TOLERAN","ORLANDO, ORANGE, FL, UNITED STATES",SPE4A226F6586,SPE4A226F6586,USAspending,https://www.usaspending.gov/award/CONT_AWD_SPE4A226F6586_9700_SPE4AX25D5000_9700/
moco-33b434fbe8e07ead,2026-07-02,2026-07-02,Lockheed Martin,Bethesda,verified,14508319.0,Department of Defense,Department of the Navy,Defense,DMSM CY26-28,"FORT WORTH, TARRANT, TX, UNITED STATES",N0001926F2179,N0001926F2179,USAspending,https://www.usaspending.gov/award/CONT_AWD_N0001926F2179_9700_N0001924G0010_9700/
moco-2f1f37ba51257246,2026-07-02,2026-07-02,Lockheed Martin,Bethesda,verified,100.13,Department of Defense,Defense Logistics Agency,Defense,"8512217853!SCREW,CLOSE TOLERANCE","ORLANDO, ORANGE, FL, UNITED STATES",SPE4A226F6709,SPE4A226F6709,USAspending,https://www.usaspending.gov/award/CONT_AWD_SPE4A226F6709_9700_SPE4AX25D5000_9700/
moco-2597ebefd90f0c04,2026-07-02,2026-07-02,Lockheed Martin,Bethesda,verified,86.49,Department of Defense,Defense Logistics Agency,Defense,"8512200820!SCREW,CLOSE TOLERAN","ORLANDO, ORANGE, FL, UNITED STATES",SPE4A226F6585,SPE4A226F6585,USAspending,https://www.usaspending.gov/award/CONT_AWD_SPE4A226F6585_9700_SPE4AX25D5000_9700/
moco-1b80e74288ee309f,2026-07-02,2026-07-02,Lockheed Martin,Bethesda,verified,1999982.0,Department of Defense,Defense Microelectronics Activity,Defense Technology,THE ADVANCED TECHNOLOGY SUPPORT PROGRAM (ATSP) CONTRACT ACQUIRES PROGRESSIVE MICROELECTRONIC CAPABILITY SOLUTIONS FOR JFN BMC2.,"COLORADO SPRINGS, EL PASO, CO, UNITED STATES",HQ072726FE069,HQ072726FE069,USAspending,https://www.usaspending.gov/award/CONT_AWD_HQ072726FE069_9700_HQ072726DE001_9700/
moco-f61e20c612bcbac9,2026-07-01,2026-07-01,Lockheed Martin,Bethesda,verified,-1700.0,Department of Defense,Department of the Navy,Defense Technology,CIRCUIT CARD ASSY,"ORLANDO, ORANGE, FL, UNITED STATES",N0010425FZW0C,N0010425FZW0C,USAspending,https://www.usaspending.gov/award/CONT_AWD_N0010425FZW0C_9700_N0010422GZW01_9700/
moco-e4c6c2130dbdcfb4,2026-07-01,2026-07-01,Lockheed Martin,Bethesda,verified,637819.77,Department of Defense,Defense Logistics Agency,Defense,"RECEIVER, COUNTERMEA","OWEGO, TIOGA, NY, UNITED STATES",SPRTA123C0020,SPRTA123C0020,USAspending,https://www.usaspending.gov/award/CONT_AWD_SPRTA123C0020_9700_-NONE-_-NONE-/
moco-cff27031eb218aaa,2026-07-01,2026-07-01,Lockheed Martin,Bethesda,verified,234100000.0,Department of Defense,Department of the Army,Defense,MISSILE SEGMENT ENHANCEMENT (MSE) CONTAINERIZED LAUNCHER (CL) AND REMOTE INTERCEPTOR GUIDANCE 360 DEGREES (RIG-360) CONTAINERIZED SYSTEM (CS) PHASE 2 PROGRAM,"GRAND PRAIRIE, DALLAS, TX, UNITED STATES",W31P4Q26F0114,W31P4Q26F0114,USAspending,https://www.usaspending.gov/award/CONT_AWD_W31P4Q26F0114_9700_W31P4Q22G0003_9700/
moco-ce5e397a1a5e062c,2026-07-01,2026-07-01,Lockheed Martin,Bethesda,verified,51757.19,Department of Defense,Department of the Navy,Defense Technology,NSN: 5998 012635249 P/N: 5617115 NSN: 1285 012603950 P/N: 3254610 NSN: 1285 012551965 P/N: 5616341,"MOORESTOWN, BURLINGTON, NJ, UNITED STATES",N0010426F0014,N0010426F0014,USAspending,https://www.usaspending.gov/award/CONT_AWD_N0010426F0014_9700_N0010426D0001_9700/
moco-cc357390ce1b0aa5,2026-07-01,2026-07-01,Lockheed Martin,Bethesda,verified,333262.0,Department of Defense,Department of the Air Force,Defense,F22 PROGRAM OFFICE SUPPORT,"FORT WORTH, TARRANT, TX, UNITED STATES",FA861125F0034,FA861125F0034,USAspending,https://www.usaspending.gov/award/CONT_AWD_FA861125F0034_9700_FA861122D0001_9700/
moco-c2a17415c8e83054,2026-07-01,2026-07-01,Lockheed Martin,Bethesda,verified,732770.33,Department of Defense,Defense Logistics Agency,Defense,B2 COUNTERMEASURE RECEIVER,"OWEGO, TIOGA, NY, UNITED STATES",SPRTA123C0070,SPRTA123C0070,USAspending,https://www.usaspending.gov/award/CONT_AWD_SPRTA123C0070_9700_-NONE-_-NONE-/
moco-b4d711bc1b18bc60,2026-07-01,2026-07-01,Lockheed Martin,Bethesda,verified,61554.0,Department of Defense,Department of the Navy,Defense,ENGINEERING SERVICES,"ORLANDO, ORANGE, FL, UNITED STATES",N6134026F0043,N6134026F0043,USAspending,https://www.usaspending.gov/award/CONT_AWD_N6134026F0043_9700_N6134026D0002_9700/
moco-af50a09d4ea82fd0,2026-07-01,2026-07-01,Lockheed Martin,Bethesda,verified,17629.34,Department of Defense,Defense Logistics Agency,Defense,"8512215404!CONTACT,ELECTRICAL","ORLANDO, ORANGE, FL, UNITED STATES",SPE4A226F6675,SPE4A226F6675,USAspending,https://www.usaspending.gov/award/CONT_AWD_SPE4A226F6675_9700_SPE4AX25D5000_9700/
moco-ac396e58116026ae,2026-07-01,2026-07-01,Lockheed Martin,Bethesda,verified,73880.87,Department of Defense,U.S. Special Operations Command,Defense,SPEAR RDTE NDI,"LEXINGTON, FAYETTE, KY, UNITED STATES",H9225426FE097,H9225426FE097,USAspending,https://www.usaspending.gov/award/CONT_AWD_H9225426FE097_9700_H9225417D0001_9700/
moco-a788bc1a94705e96,2026-07-01,2026-07-01,Lockheed Martin,Bethesda,verified,-180000.0,Department of Defense,Missile Defense Agency,Defense,AEGIS BMD INTERNATIONAL SUPPORT,"MOORESTOWN, BURLINGTON, NJ, UNITED STATES",HQ027610C0001,HQ027610C0001,USAspending,https://www.usaspending.gov/award/CONT_AWD_HQ027610C0001_9700_-NONE-_-NONE-/
moco-989ac3b785043f95,2026-07-01,2026-07-01,Lockheed Martin,Bethesda,verified,-10266.59,Department of Defense,U.S. Special Operations Command,Defense,OP LOG SPT 180A - MODIFICATION IS TO INCORPORATE COMPLETION ESTIMATE AT COMPLETION (CEAC) FOR CLIN 1003 IAW CEAC LETTER 622B7-26L-3068 DATED 03 JUNE 2026.,"LEXINGTON, FAYETTE, KY, UNITED STATES",H9225425F2883,H9225425F2883,USAspending,https://www.usaspending.gov/award/CONT_AWD_H9225425F2883_9700_H9225417D0001_9700/
moco-8e82a883f7de436f,2026-07-01,2026-07-01,Lockheed Martin,Bethesda,verified,151202.75,Department of Defense,U.S. Special Operations Command,Defense,RFP 2937 SURGE SITE SPT (I) 205A - INCREMENTAL FUNDING MODIFICATION,"LEXINGTON, FAYETTE, KY, UNITED STATES",H9225425FE028,H9225425FE028,USAspending,https://www.usaspending.gov/award/CONT_AWD_H9225425FE028_9700_H9225417D0001_9700/
moco-899bb55ce0c8f9b1,2026-07-01,2026-07-01,Lockheed Martin,Bethesda,verified,0.0,Department of Defense,Department of the Army,Space / Satellite,"EXECUTE PHASED ARRAY TRACKING RADAR TO INTERCEPT ON TARGET (PATRIOT) ADVANCED CAPABILITY-3 (PAC-3) MISSILE PRODUCTION BY PROVIDING INCIDENTAL SERVICES, HARDWARE, FACILITIES, EQUIPMENT, AND TECHNICAL, PLANNING, MANAGEMENT, AND MANUFACTURING EFFORTS.","GRAND PRAIRIE, DALLAS, TX, UNITED STATES",W31P4Q20C0023,W31P4Q20C0023,USAspending,https://www.usaspending.gov/award/CONT_AWD_W31P4Q20C0023_9700_-NONE-_-NONE-/
moco-839590013d24c2f9,2026-07-01,2026-07-01,Lockheed Martin,Bethesda,verified,649628.01,Department of Defense,Department of the Army,Defense,INCREMENTAL FUNDING FOR CLIN 0008 AND CEILING ADJUSTMENTS FOR CLIN 0001 AND CLIN 0002.,"MOORESTOWN, BURLINGTON, NJ, UNITED STATES",W31P4Q25C0023,W31P4Q25C0023,USAspending,https://www.usaspending.gov/award/CONT_AWD_W31P4Q25C0023_9700_-NONE-_-NONE-/
moco-81e357dc5e8b4182,2026-07-01,2026-07-01,Lockheed Martin,Bethesda,verified,1947.53,Department of Defense,Defense Logistics Agency,Defense,"8512204027!TUBE,METALLIC","FORT WORTH, TARRANT, TX, UNITED STATES",SPE7L126F023U,SPE7L126F023U,USAspending,https://www.usaspending.gov/award/CONT_AWD_SPE7L126F023U_9700_SPE4A123G0023_9700/
moco-7f271c3409e01f8f,2026-07-01,2026-07-01,Lockheed Martin,Bethesda,verified,24000000.0,Department of Defense,Department of the Navy,Defense,"THE PURPOSE OF THIS CONTRACTING ACTION IS TO ADDRESS KNOWN AN/ARQ-59 OBSOLESCENCE, PTRS, AND INCORPORATE THE CMDL2 INTO THE DESIGN OF THE SYSTEM.","OWEGO, TIOGA, NY, UNITED STATES",N0001926F1104,N0001926F1104,USAspending,https://www.usaspending.gov/award/CONT_AWD_N0001926F1104_9700_N0001923G0002_9700/
moco-7a153b4fe0102953,2026-07-01,2026-07-01,Lockheed Martin,Bethesda,verified,2058009.0,Department of Defense,Department of the Air Force,Defense,LDPT EMD HARDWARE AND FABRICATION,"FORT WORTH, TARRANT, TX, UNITED STATES",FA861123F0012,FA861123F0012,USAspending,https://www.usaspending.gov/award/CONT_AWD_FA861123F0012_9700_FA861122D0001_9700/
moco-70e4d0074b605238,2026-07-01,2026-07-01,Lockheed Martin,Bethesda,verified,129.58,Department of Defense,Defense Logistics Agency,Defense,"8512215233!SCREW,CLOSE TOLERANCE","ORLANDO, ORANGE, FL, UNITED STATES",SPE4A226F6672,SPE4A226F6672,USAspending,https://www.usaspending.gov/award/CONT_AWD_SPE4A226F6672_9700_SPE4AX25D5000_9700/
moco-69f0d44361443860,2026-07-01,2026-07-01,Lockheed Martin,Bethesda,verified,476.68,Department of Defense,Defense Logistics Agency,Defense,"8512215403!CONTACT,ELECTRICAL","ORLANDO, ORANGE, FL, UNITED STATES",SPE4A226F6674,SPE4A226F6674,USAspending,https://www.usaspending.gov/award/CONT_AWD_SPE4A226F6674_9700_SPE4AX25D5000_9700/
moco-6184c562c48ab6f7,2026-07-01,2026-07-01,Lockheed Martin,Bethesda,verified,-148994.07,Department of Defense,Department of the Navy,Defense,AEGIS DESIGN ENGINEERING SERVICES,"PORT HUENEME CBC BASE, VENTURA, CA, UNITED STATES",N6426718C0132,N6426718C0132,USAspending,https://www.usaspending.gov/award/CONT_AWD_N6426718C0132_9700_-NONE-_-NONE-/
moco-5e2772fc38b58822,2026-07-01,2026-07-01,Lockheed Martin,Bethesda,verified,20580000.0,Department of Defense,Department of the Air Force,Space / Satellite,THE PURPOSE OF THIS EFFORT IS TO BEGIN PHASE 1 ACTIVITIES RELATED TO DEVELOPING THE AGM-158 XR BLOCK 0 AIRFRAME.,"ORLANDO, ORANGE, FL, UNITED STATES",FA868226FB013,FA868226FB013,USAspending,https://www.usaspending.gov/award/CONT_AWD_FA868226FB013_9700_FA868225DB001_9700/
moco-5bae2b184ba143d5,2026-07-01,2026-07-01,Lockheed Martin,Bethesda,verified,-420.62,Department of Defense,Defense Contract Management Agency,Defense,SUPPLY CONTRACTS AND PRICED ORDERS,"OWEGO, TIOGA, NY, UNITED STATES",N0001922F2324,N0001922F2324,USAspending,https://www.usaspending.gov/award/CONT_AWD_N0001922F2324_9700_N0001919D0001_9700/
moco-524f987b1353152f,2026-07-01,2026-07-01,Lockheed Martin,Bethesda,verified,16304117.0,Department of Defense,Department of the Army,Defense,THIS CONTRACT IS FOR PATRIOT ADVANCED CAPABILITIES-3 (PAC-3) MISSILE SUPPORT CENTER (P3MSC) FOR THE UNITED STATES AND FOREIGN MILITARY SALES (FMS) CUSTOMERS,"GRAND PRAIRIE, DALLAS, TX, UNITED STATES",W31P4Q26F0001,W31P4Q26F0001,USAspending,https://www.usaspending.gov/award/CONT_AWD_W31P4Q26F0001_9700_W31P4Q22G0003_9700/
moco-4afdd0e91a38e663,2026-07-01,2026-07-01,Lockheed Martin,Bethesda,verified,688420.0,Department of Defense,Department of the Air Force,Defense,U-2 FULLY RESTORE AND RETURN TO FLIGHT - PHASE 1,"BEALE AFB, YUBA, CA, UNITED STATES",FA852826FB010,FA852826FB010,USAspending,https://www.usaspending.gov/award/CONT_AWD_FA852826FB010_9700_FA852824D0015_9700/
moco-3df3453ea8094d20,2026-07-01,2026-07-01,Lockheed Martin,Bethesda,verified,1529578.71,Department of Defense,Department of the Army,Space / Satellite,THIS CONTRACT IS FOR PATRIOT ADVANCED CAPABILITIES-3 (PAC-3) MISSILE SUPPORT CENTER (P3MSC) FOR THE UNITED STATES AND FOREIGN MILITARY SALES (FMS) CUSTOMERS.,"GRAND PRAIRIE, DALLAS, TX, UNITED STATES",W31P4Q26F0118,W31P4Q26F0118,USAspending,https://www.usaspending.gov/award/CONT_AWD_W31P4Q26F0118_9700_W31P4Q22D0022_9700/
moco-31ebb1154412c3af,2026-07-01,2026-07-01,Lockheed Martin,Bethesda,verified,-0.01,Department of Defense,Department of the Navy,Defense,ADMINISTRATIVE UPDATES,"FORT WORTH, TARRANT, TX, UNITED STATES",0097,0097,USAspending,https://www.usaspending.gov/award/CONT_AWD_0097_9700_N0001914G0020_9700/
moco-2fa70df9a4f84b5e,2026-07-01,2026-07-01,Lockheed Martin,Bethesda,verified,1918590.0,Department of Defense,U.S. Special Operations Command,Defense,26E027 (2984) CP1,"LEXINGTON, FAYETTE, KY, UNITED STATES",H9225426FE027,H9225426FE027,USAspending,https://www.usaspending.gov/award/CONT_AWD_H9225426FE027_9700_H9225417D0001_9700/
moco-215650b38527bf7b,2026-07-01,2026-07-01,Lockheed Martin,Bethesda,verified,-66323.28,Department of Defense,Department of the Navy,Defense,"TERMINAL,DATA PROCE","VIRGINIA BEACH, VIRGINIA BEACH CITY, VA, UNITED STATES",N0010425FQZ0F,N0010425FQZ0F,USAspending,https://www.usaspending.gov/award/CONT_AWD_N0010425FQZ0F_9700_N0010421GA100_9700/
moco-1ce0d63fd14c38a0,2026-07-01,2026-07-01,Lockheed Martin,Bethesda,verified,346496.99,Department of Defense,Department of the Navy,Defense,LWLCCA PRODUCTION SHIPSET,"LIVERPOOL, ONONDAGA, NY, UNITED STATES",N0002421C6113,N0002421C6113,USAspending,https://www.usaspending.gov/award/CONT_AWD_N0002421C6113_9700_-NONE-_-NONE-/
moco-1ce0d16c625c1c4f,2026-07-01,2026-07-01,Lockheed Martin,Bethesda,verified,-804884.58,Department of Defense,Defense Contract Management Agency,Defense,SERVICE CONTRACTS,"OWEGO, TIOGA, NY, UNITED STATES",N0001923F0096,N0001923F0096,USAspending,https://www.usaspending.gov/award/CONT_AWD_N0001923F0096_9700_N0001920D0016_9700/
moco-1426903c35fbc0d7,2026-07-01,2026-07-01,Lockheed Martin,Bethesda,verified,278021.97,Department of Defense,Department of the Army,Defense,AIR-TO-GROUND MISSILE SYSTEMS (AGMS) ENGINEERING SERVICES.,"ORLANDO, ORANGE, FL, UNITED STATES",W31P4Q23C0035,W31P4Q23C0035,USAspending,https://www.usaspending.gov/award/CONT_AWD_W31P4Q23C0035_9700_-NONE-_-NONE-/
moco-0b4382b803d97711,2026-07-01,2026-07-01,Lockheed Martin,Bethesda,verified,206945.0,Department of Defense,Department of the Navy,Defense,"ESTABLISH AND FUND 00031AB, 00031AC, 0031AD","OWEGO, TIOGA, NY, UNITED STATES",N0001926F0031,N0001926F0031,USAspending,https://www.usaspending.gov/award/CONT_AWD_N0001926F0031_9700_N0001924D0106_9700/
moco-fc8fd8f48732fe19,2026-06-30,2026-06-30,Lockheed Martin,Bethesda,verified,9894083.75,Department of Defense,Missile Defense Agency,Defense Technology,"C2BMC TASK ORDER 03, PRODUCT EXECUTION","HUNTSVILLE, MADISON, AL, UNITED STATES",HQ085224F0007,HQ085224F0007,USAspending,https://www.usaspending.gov/award/CONT_AWD_HQ085224F0007_9700_HQ085224D0003_9700/
moco-f90fcc24e65c83a5,2026-06-30,2026-06-30,Lockheed Martin,Bethesda,verified,19037102.33,Department of Defense,Department of the Navy,Defense,ENGINEERING AND TECHNICAL SUPPORT FOR SHIP INTEGRATION,"MOORESTOWN, BURLINGTON, NJ, UNITED STATES",N0002426C5341,N0002426C5341,USAspending,https://www.usaspending.gov/award/CONT_AWD_N0002426C5341_9700_-NONE-_-NONE-/
moco-f6207d6d4e43018c,2026-06-30,2026-06-30,Lockheed Martin,Bethesda,verified,0.0,Department of Defense,Department of the Army,Space / Satellite,PURCHASE OF HIGH MOBILITY ARTILLERY ROCKET SYSTEMS (HIMARS) FOR UNITED STATES (US) AND FOREIGN MILITARY SALES (FMS).,"GRAND PRAIRIE, DALLAS, TX, UNITED STATES",W31P4Q24F0144,W31P4Q24F0144,USAspending,https://www.usaspending.gov/award/CONT_AWD_W31P4Q24F0144_9700_W31P4Q24D0019_9700/
moco-eecc0608f3f4cf6a,2026-06-30,2026-06-30,Lockheed Martin,Bethesda,verified,250000.0,Department of Defense,Department of the Navy,Defense Technology,CHARGER SUBASSEMBLY,"ORLANDO, ORANGE, FL, UNITED STATES",N0010425FZW0E,N0010425FZW0E,USAspending,https://www.usaspending.gov/award/CONT_AWD_N0010425FZW0E_9700_N0010422GZW01_9700/
moco-ec582f88252ddb6e,2026-06-30,2026-06-30,Lockheed Martin,Bethesda,verified,1814723.0,Department of Defense,Department of the Air Force,Defense,"PROCUREMENT OF SNIPER ATP, CONTAINERS, SPARES, INTEGRATION TEST EVENTS, PMR TRAVEL, FAMILIARIZATION TRAINING, O-LEVEL SUPPORT EQUIPMENT, AND BENCH STOCK FOR THE ROYAL MALAYSIAN AIR FORCE.","ORLANDO, ORANGE, FL, UNITED STATES",FA854026FB011,FA854026FB011,USAspending,https://www.usaspending.gov/award/CONT_AWD_FA854026FB011_9700_FA854020D0001_9700/
moco-e89b51a0eee758a2,2026-06-30,2026-06-30,Lockheed Martin,Bethesda,verified,717015.66,Department of Defense,Department of the Air Force,Defense Technology,"SPACE FENCE OPERATIONS, MAINTENANCE, AND SUPPORT (OM S)",UNITED STATES,FA251824C0002,FA251824C0002,USAspending,https://www.usaspending.gov/award/CONT_AWD_FA251824C0002_9700_-NONE-_-NONE-/
moco-e861cc0303090114,2026-06-30,2026-06-30,Lockheed Martin,Bethesda,verified,22749000.0,Department of Defense,Department of the Army,Defense,LONG RANGE HYPERSONIC WEAPON GROUND SUPPORT EQUIPMENT,"HUNTSVILLE, MADISON, AL, UNITED STATES",W31P4Q23C0008,W31P4Q23C0008,USAspending,https://www.usaspending.gov/award/CONT_AWD_W31P4Q23C0008_9700_-NONE-_-NONE-/
moco-e547e61db0fc967e,2026-06-30,2026-06-30,Lockheed Martin,Bethesda,verified,-84.13,Department of Defense,U.S. Special Operations Command,Defense,2538 OLS 461A - MODIFICATION IS TO INCORPORATE COMPLETION ESTIMATE AT COMPLETION (CEAC) FOR CLIN 0003 IAW CEAC LETTER 622B7-26L-0776 DATED 09 DECEMBER 2025.,"LEXINGTON, FAYETTE, KY, UNITED STATES",H9225421F2538,H9225421F2538,USAspending,https://www.usaspending.gov/award/CONT_AWD_H9225421F2538_9700_H9225417D0001_9700/
moco-dcb0ecfa5e52414a,2026-06-30,2026-06-30,Lockheed Martin,Bethesda,verified,2587978.0,Department of Defense,Department of the Navy,Defense,FY 26 PHASE C RADAR AND MISSION CONFIGURABLE BAY INBOARD EQUIPMENT,"LIVERPOOL, ONONDAGA, NY, UNITED STATES",N0002426F6225,N0002426F6225,USAspending,https://www.usaspending.gov/award/CONT_AWD_N0002426F6225_9700_N0002419D6200_9700/
moco-d2110b5ed0aab469,2026-06-30,2026-06-30,Lockheed Martin,Bethesda,verified,-6630696.0,Department of Defense,Department of the Navy,Defense,OVERRUN FUNDING AND ADMIN UPDATES,"FORT WORTH, TARRANT, TX, UNITED STATES",N0001921C0020,N0001921C0020,USAspending,https://www.usaspending.gov/award/CONT_AWD_N0001921C0020_9700_-NONE-_-NONE-/
moco-cac0b0ad989cca7d,2026-06-30,2026-06-30,Lockheed Martin,Bethesda,verified,15781992.0,Department of Defense,Missile Defense Agency,Defense,MISSILE SUPPORT SERVICES,"GRAND PRAIRIE, DALLAS, TX, UNITED STATES",HQ085326FE004,HQ085326FE004,USAspending,https://www.usaspending.gov/award/CONT_AWD_HQ085326FE004_9700_HQ085320D0001_9700/
moco-c7d11324db480567,2026-06-30,2026-06-30,Lockheed Martin,Bethesda,verified,220320.0,Department of Defense,Department of the Air Force,Defense,SNIPER IRST LANTIRN SUSTAINMENT IDIQ,"ORLANDO, ORANGE, FL, UNITED STATES",FA854026FB033,FA854026FB033,USAspending,https://www.usaspending.gov/award/CONT_AWD_FA854026FB033_9700_FA854022D0001_9700/
moco-c48515095b7bcd3b,2026-06-30,2026-06-30,Lockheed Martin,Bethesda,verified,2412.95,Department of Defense,U.S. Special Operations Command,Defense,2849 FACILITIES SUPPORT 460A COMPLETION ESTIMATE AT COMPLETION (CEAC) INCORPORATION.,"LEXINGTON, FAYETTE, KY, UNITED STATES",H9225424F2849,H9225424F2849,USAspending,https://www.usaspending.gov/award/CONT_AWD_H9225424F2849_9700_H9225417D0001_9700/
moco-bc0b2098892b53a2,2026-06-30,2026-06-30,Hughes Network Systems,Germantown,strong,26058.51,Department of Homeland Security,Federal Emergency Management Agency,Space / Satellite,THE PURPOSE OF THIS TASK ORDER IS TO CONTINUE TO PROVIDE REDUNDANT SATELLITE COMMUNICATION SERVICES IN SUPPORT OF DISASTER RECOVERY EFFORTS FOR DR-4340-VI FOR AN ADDITIONAL 3-MONTH BASE PLUS A 3-MONTH OPTION PERIOD.,"CHRISTIANSTED, SAINT CROIX, VI, UNITED STATES",70FBR226F00000012,70FBR226F00000012,USAspending,https://www.usaspending.gov/award/CONT_AWD_70FBR226F00000012_7022_47QTCA24D007K_4732/
moco-b9923ae1707240ef,2026-06-30,2026-06-30,Lockheed Martin,Bethesda,verified,1200000.0,National Aeronautics and Space Administration,National Aeronautics and Space Administration,Other,"HINODE - FOCAL PLANE PACKAGE MISSION OPERATIONS AND DATA ANALYSIS. HINODE IS A CONTINUATION OF A JOINT INTERNATIONAL VENTURE BETWEEN THE U.S, G.B., AND JPN TO ADVANCE OUR UNDERSTANDING OF WHAT POWERS THE SOLAR ATMOSPHERE AND DRIVES SOLAR ERUPTIONS.","PALO ALTO, SANTA CLARA, CA, UNITED STATES",NNM07AA01C,NNM07AA01C,USAspending,https://www.usaspending.gov/award/CONT_AWD_NNM07AA01C_8000_-NONE-_-NONE-/
moco-b87d07ffa1125950,2026-06-30,2026-06-30,Lockheed Martin,Bethesda,verified,4745.65,Department of Defense,Department of the Navy,Defense,"SBC, QBC","LIVERPOOL, ONONDAGA, NY, UNITED STATES",N0038324FDT07,N0038324FDT07,USAspending,https://www.usaspending.gov/award/CONT_AWD_N0038324FDT07_9700_N0038323GDT01_9700/
moco-b63b27eccb469995,2026-06-30,2026-06-30,Lockheed Martin,Bethesda,verified,141424.0,Department of Defense,Department of the Air Force,Defense,CONTRACTOR ENGINEERING AND TECHNICAL SERVICES (CETS) FOR TAIWAN BLK 70,TAIWAN,FA860426FB003,FA860426FB003,USAspending,https://www.usaspending.gov/award/CONT_AWD_FA860426FB003_9700_FA860423DB003_9700/
moco-b580e1eb8af3c901,2026-06-30,2026-06-30,Lockheed Martin,Bethesda,verified,212136.0,Department of Defense,Department of the Air Force,Defense,CONTRACTOR ENGINEERING AND TECHNICAL SERVICES (CETS) FOR BAHRAIN (BLK 40),BAHRAIN,FA860425FB230,FA860425FB230,USAspending,https://www.usaspending.gov/award/CONT_AWD_FA860425FB230_9700_FA860423DB003_9700/
moco-b0e74ad810342873,2026-06-30,2026-06-30,Lockheed Martin,Bethesda,verified,-4800000.0,Department of Defense,Department of the Navy,Defense,MISSILE SYSTEM SUPPORT-US - DE-OBLIGATION OF FUNDS UNDER CLIN 0006 AND OTHER ADMINISTRATIVE ACTIONS,"CAPE CANAVERAL, BREVARD, FL, UNITED STATES",N0003021C2017,N0003021C2017,USAspending,https://www.usaspending.gov/award/CONT_AWD_N0003021C2017_9700_-NONE-_-NONE-/
moco-b05f6937a65aef1b,2026-06-30,2026-06-30,Lockheed Martin,Bethesda,verified,6192734.0,Department of Defense,U.S. Special Operations Command,Defense,"PROVIDE THE ENGINEERING, FABRICATION, PROCUREMENT, SUSTAINABILITY REQUIREMENTS, AND INSTALLATION SUPPORT FOR POST-PRODUCTION AIRCRAFT MODIFICATIONS ON AIRCRAFT 2901 FOR SUPERVISED AUTONOMY","LEXINGTON, FAYETTE, KY, UNITED STATES",H9225426FE093,H9225426FE093,USAspending,https://www.usaspending.gov/award/CONT_AWD_H9225426FE093_9700_H9225417D0001_9700/
moco-adc6c1c81308ae0c,2026-06-30,2026-06-30,Lockheed Martin,Bethesda,verified,1168692.0,Department of Defense,U.S. Special Operations Command,Defense,RFP 2990 DME II 160B INCREMENTAL FUNDING,"LEXINGTON, FAYETTE, KY, UNITED STATES",H9225426FE038,H9225426FE038,USAspending,https://www.usaspending.gov/award/CONT_AWD_H9225426FE038_9700_H9225417D0001_9700/
moco-a44b4a9057e6415a,2026-06-30,2026-06-30,Lockheed Martin,Bethesda,verified,-232886.93,Department of Defense,Missile Defense Agency,Defense Technology,TO 5007 TEST AND INTEGRATION,"COLORADO SPRINGS, EL PASO, CO, UNITED STATES",HQ014718F5007,HQ014718F5007,USAspending,https://www.usaspending.gov/award/CONT_AWD_HQ014718F5007_9700_HQ014712D0003_9700/
moco-a448b7e5f15bc442,2026-06-30,2026-06-30,Lockheed Martin,Bethesda,verified,311000.0,Department of Defense,U.S. Special Operations Command,Defense,RFP 3057 EW SYSTEMS SPT 611 PERFORMANCE WORK STATEMENT REV A 26 JUNE 2026,"LEXINGTON, FAYETTE, KY, UNITED STATES",H9225426FE079,H9225426FE079,USAspending,https://www.usaspending.gov/award/CONT_AWD_H9225426FE079_9700_H9225417D0001_9700/
moco-9f3ad397180d375a,2026-06-30,2026-06-30,Abt Global,Rockville,strong,0.0,Environmental Protection Agency,Environmental Protection Agency,Professional Services,OLEM LARGE MISSION SUPPORT CALL ORDER TITLE: NATIONAL CONTINGENCY PLAN (NCP) SUBPART J REGULATORY DEVELOPMENT AND IMPLEMENTATION SUPPORT P00001: TO CORRECT THE BASE PERIOD OF PERFORMANCE IN THE EAS DATES TAB TO THE CURRENT COMPLETION DATE OF JANUARY,"ROCKVILLE, MONTGOMERY, MD, UNITED STATES",68HERL26F0040,68HERL26F0040,USAspending,https://www.usaspending.gov/award/CONT_AWD_68HERL26F0040_6800_68HE0P24A0003_6800/
moco-98d26bc4c58eb84b,2026-06-30,2026-06-30,Lockheed Martin,Bethesda,verified,184838.0,Department of Defense,Department of the Navy,Defense,NSN: 7R5985015731112 PN #530092-002NIIN: 015731112 QTY: 2,"OWEGO, TIOGA, NY, UNITED STATES",N0038326F0200,N0038326F0200,USAspending,https://www.usaspending.gov/award/CONT_AWD_N0038326F0200_9700_N0038326GAB01_9700/
moco-884de6ee4ebdefd7,2026-06-30,2026-06-30,Lockheed Martin,Bethesda,verified,17433046.0,Department of Defense,Missile Defense Agency,Defense Technology,LABOR: OPERATIONS AND MAINTENANCE,"HUNTSVILLE, MADISON, AL, UNITED STATES",HQ085224F0005,HQ085224F0005,USAspending,https://www.usaspending.gov/award/CONT_AWD_HQ085224F0005_9700_HQ085224D0003_9700/
moco-7f2f2fe1eddd0886,2026-06-30,2026-06-30,Lockheed Martin,Bethesda,verified,25000.0,Department of Defense,U.S. Special Operations Command,Defense,ADD INCREMENTAL FUNDING TO 2848 OP LOG TRANS SPT 460B,"LEXINGTON, FAYETTE, KY, UNITED STATES",H9225424F2848,H9225424F2848,USAspending,https://www.usaspending.gov/award/CONT_AWD_H9225424F2848_9700_H9225417D0001_9700/
moco-7d4b595bd121d92f,2026-06-30,2026-06-30,Lockheed Martin,Bethesda,verified,326000.0,Department of Defense,U.S. Special Operations Command,Defense,2873 JMU SUPPORT 205A - INCREMENTAL FUNDING MODIFICATION,"LEXINGTON, FAYETTE, KY, UNITED STATES",H9225425F2873,H9225425F2873,USAspending,https://www.usaspending.gov/award/CONT_AWD_H9225425F2873_9700_H9225417D0001_9700/
moco-7a352e749b3cfa50,2026-06-30,2026-06-30,Lockheed Martin,Bethesda,verified,22113.61,Department of Defense,Department of the Navy,Defense,"NRP,TESTED HP CIRCU","LIVERPOOL, ONONDAGA, NY, UNITED STATES",N0038323FDT0M,N0038323FDT0M,USAspending,https://www.usaspending.gov/award/CONT_AWD_N0038323FDT0M_9700_N0038323GDT01_9700/
moco-7a178823317bfec8,2026-06-30,2026-06-30,Lockheed Martin,Bethesda,verified,2000000.0,Department of Defense,Department of the Army,Defense,ADD FUNDS TO THE OVER AND ABOVE CLIN,"ORLANDO, ORANGE, FL, UNITED STATES",W58RGZ21C0016,W58RGZ21C0016,USAspending,https://www.usaspending.gov/award/CONT_AWD_W58RGZ21C0016_9700_-NONE-_-NONE-/
moco-747c311984fef261,2026-06-30,2026-06-30,Lockheed Martin,Bethesda,verified,72754.51,Department of Defense,U.S. Special Operations Command,Defense,CEAC MODIFICATION,"LEXINGTON, FAYETTE, KY, UNITED STATES",H9225421F2476,H9225421F2476,USAspending,https://www.usaspending.gov/award/CONT_AWD_H9225421F2476_9700_H9225417D0001_9700/
moco-726c1f2ac77c0ab1,2026-06-30,2026-06-30,Lockheed Martin,Bethesda,verified,5997496.67,Department of Defense,Department of the Air Force,Defense,SEE EMD PART B,"FORT WORTH, TARRANT, TX, UNITED STATES",FA861123F0002,FA861123F0002,USAspending,https://www.usaspending.gov/award/CONT_AWD_FA861123F0002_9700_FA861122D0001_9700/
moco-64892f981abdca93,2026-06-30,2026-06-30,Lockheed Martin,Bethesda,verified,175489.0,Department of Defense,U.S. Special Operations Command,Defense,H-47ER PP SOURCING,"LEXINGTON, FAYETTE, KY, UNITED STATES",H9225423F2757,H9225423F2757,USAspending,https://www.usaspending.gov/award/CONT_AWD_H9225423F2757_9700_H9225417D0001_9700/
moco-5b6de9a5ac854c38,2026-06-30,2026-06-30,Lockheed Martin,Bethesda,verified,-36910783.0,Department of Defense,Department of the Army,Space / Satellite,DEFINITIZATION OF FY25 M270A2 LAUNCHERS AND INTERNATIONAL SPARES.,"GRAND PRAIRIE, DALLAS, TX, UNITED STATES",W31P4Q25C0007,W31P4Q25C0007,USAspending,https://www.usaspending.gov/award/CONT_AWD_W31P4Q25C0007_9700_-NONE-_-NONE-/
moco-5a53240e0a7e05b3,2026-06-30,2026-06-30,Lockheed Martin,Bethesda,verified,-1022968.0,Department of Defense,Department of the Navy,Defense,DESCOPE AND DEOBLIGATE CLIN 2001 AND EXTEND CLIN 1003.,"FORT WORTH, TARRANT, TX, UNITED STATES",N0001924F1037,N0001924F1037,USAspending,https://www.usaspending.gov/award/CONT_AWD_N0001924F1037_9700_N0001923D0022_9700/
moco-599cc6cc50d32b91,2026-06-30,2026-06-30,Lockheed Martin,Bethesda,verified,169.67,Department of Defense,Defense Logistics Agency,Defense,"8512203524!FITTING,OVERBOARD R","FORT WORTH, TARRANT, TX, UNITED STATES",SPE7M326F0072,SPE7M326F0072,USAspending,https://www.usaspending.gov/award/CONT_AWD_SPE7M326F0072_9700_SPE4A123G0023_9700/
moco-57242abe9c9b0176,2026-06-30,2026-06-30,Lockheed Martin,Bethesda,verified,50000.0,Department of Defense,U.S. Special Operations Command,Defense,3046 OLS 511A AWARD.,"LEXINGTON, FAYETTE, KY, UNITED STATES",H9225426FE067,H9225426FE067,USAspending,https://www.usaspending.gov/award/CONT_AWD_H9225426FE067_9700_H9225417D0001_9700/
moco-4c5d9bdeaf2eadf0,2026-06-30,2026-06-30,Lockheed Martin,Bethesda,verified,1233284.0,Department of Defense,Department of the Army,Space / Satellite,PURCHASE OF HIGH MOBILITY ROCKET SYSTEM (HIMARS) FOR UNITED STATES (US) AND FOREIGN MILITARY SALES (FMS) PARTNERS.,"GRAND PRAIRIE, DALLAS, TX, UNITED STATES",W31P4Q23C0006,W31P4Q23C0006,USAspending,https://www.usaspending.gov/award/CONT_AWD_W31P4Q23C0006_9700_-NONE-_-NONE-/
moco-4b028a338cac714a,2026-06-30,2026-06-30,Abt Global,Rockville,strong,486258.0,Social Security Administration,Social Security Administration,Professional Services,"CREATE DATA QUALITY REVIEW (DQR) STANDARDS, PROTOCOLS, AND TRAINING MATERIAL FOR DATA OWNERS AND REVIEWERS ON BEST PRACTICES FOR DISSEMINATED DATA PRODUCTS AND ASSETS TO INCREASE UTILITY, OBJECTIVITY, AND TRUST IN SSA DATA.","ROCKVILLE, MONTGOMERY, MD, UNITED STATES",28321326FA0010117,28321326FA0010117,USAspending,https://www.usaspending.gov/award/CONT_AWD_28321326FA0010117_2800_28321324A00040003_2800/
moco-4947ce1a7ebfa887,2026-06-30,2026-06-30,Lockheed Martin,Bethesda,verified,-1106.29,Department of Defense,Department of the Navy,Defense,"RESISTOR,THERMAL","LIVERPOOL, ONONDAGA, NY, UNITED STATES",N0038325FDT00,N0038325FDT00,USAspending,https://www.usaspending.gov/award/CONT_AWD_N0038325FDT00_9700_N0038323GDT01_9700/
moco-38c77cd75c13781b,2026-06-30,2026-06-30,Lockheed Martin,Bethesda,verified,508.91,Department of Defense,Department of the Air Force,Defense,F22 PROGRAM OFFICE SUPPORT,"FORT WORTH, TARRANT, TX, UNITED STATES",0083,0083,USAspending,https://www.usaspending.gov/award/CONT_AWD_0083_9700_F3365702D0009_9700/
moco-3611a58f7dbeb5be,2026-06-30,2026-06-30,Lockheed Martin,Bethesda,verified,312224.17,Department of Defense,Department of the Air Force,Defense,F-16 TO SUSTAINMENT FY 2026 MID-YEAR ORDER,"FORT WORTH, TARRANT, TX, UNITED STATES",FA823226FB226,FA823226FB226,USAspending,https://www.usaspending.gov/award/CONT_AWD_FA823226FB226_9700_FA823222D0004_9700/
moco-32905194776219b6,2026-06-30,2026-06-30,Lockheed Martin,Bethesda,verified,315000000.0,Department of Defense,Department of the Army,Defense,SENTINEL A4 RADAR SYSTEMS,"LIVERPOOL, ONONDAGA, NY, UNITED STATES",W31P4Q26F0101,W31P4Q26F0101,USAspending,https://www.usaspending.gov/award/CONT_AWD_W31P4Q26F0101_9700_W31P4Q26D0016_9700/
moco-30d5180a25ae84d0,2026-06-30,2026-06-30,Lockheed Martin,Bethesda,verified,240406.0,Department of Defense,Department of the Air Force,Defense Technology,FOREIGN MILITARY SALES F16 JOINT MISSION PLANNING SYSTEM (JMPS) UNIQUE PLANNING COMPONENT (UPC)/MISSION PLANNING ENVIRONMENT (MPE) SOFTWARE DEVELOPMENT,"OWEGO, TIOGA, NY, UNITED STATES",FA873021C0001,FA873021C0001,USAspending,https://www.usaspending.gov/award/CONT_AWD_FA873021C0001_9700_-NONE-_-NONE-/
moco-27dd945900c7bb9b,2026-06-30,2026-06-30,Lockheed Martin,Bethesda,verified,13620.0,Department of Defense,Defense Logistics Agency,Defense,"8512212714!NUT ,SELF-LOCKING,HE","O FALLON, SAINT CHARLES, MO, UNITED STATES",SPE4A226F6631,SPE4A226F6631,USAspending,https://www.usaspending.gov/award/CONT_AWD_SPE4A226F6631_9700_SPE4AX25D5000_9700/
moco-1e446fec02a0dfe8,2026-06-30,2026-06-30,Lockheed Martin,Bethesda,verified,42979.42,Department of Defense,Defense Logistics Agency,Defense,"8512202291!ADAPTER,COAX,AIRCRA","LIVERPOOL, ONONDAGA, NY, UNITED STATES",SPE4A626F216F,SPE4A626F216F,USAspending,https://www.usaspending.gov/award/CONT_AWD_SPE4A626F216F_9700_SPE4A123G0025_9700/
moco-1e239f9b71edf569,2026-06-30,2026-06-30,Lockheed Martin,Bethesda,verified,70712.0,Department of Defense,Department of the Air Force,Defense,CONTRACTOR ENGINEERING TECHNICAL SERVICES (CETS) FOR TURKEY 2025 LM POP: 17 FEB 2025 TO 30 JUNE 2026,TURKEY,FA860425FB052,FA860425FB052,USAspending,https://www.usaspending.gov/award/CONT_AWD_FA860425FB052_9700_FA860423DB003_9700/
moco-1c8650b3f7df92f1,2026-06-30,2026-06-30,Lockheed Martin,Bethesda,verified,4978113.0,Department of Defense,Department of the Navy,Defense Technology,SOFTWARE SUSTAINMENT OY 2,"COLORADO SPRINGS, EL PASO, CO, UNITED STATES",M6785424C0006,M6785424C0006,USAspending,https://www.usaspending.gov/award/CONT_AWD_M6785424C0006_9700_-NONE-_-NONE-/
moco-15b58de6c373ec4e,2026-06-30,2026-06-30,Lockheed Martin,Bethesda,verified,-1532470.83,Department of Defense,U.S. Special Operations Command,Defense,FOSOV LCSM,"LEXINGTON, FAYETTE, KY, UNITED STATES",H9225425FE024,H9225425FE024,USAspending,https://www.usaspending.gov/award/CONT_AWD_H9225425FE024_9700_H9225417D0001_9700/
moco-1189aae26a484213,2026-06-30,2026-06-30,Lockheed Martin,Bethesda,verified,86988.0,Department of Defense,U.S. Special Operations Command,Defense,THE PURPOSE OF THIS TASK ORDER IS TO PROVIDE LCSM SUPPORT FOR EXISTING AND UPCOMING/APPROVED FISCAL YEAR (FY) 2026/2027 12XX (127D AUTHORITY) PROCURED EQUIPMENT.,"LEXINGTON, FAYETTE, KY, UNITED STATES",H9225426FE098,H9225426FE098,USAspending,https://www.usaspending.gov/award/CONT_AWD_H9225426FE098_9700_H9225417D0001_9700/
moco-0b5fce07338fb57b,2026-06-30,2026-06-30,Lockheed Martin,Bethesda,verified,73681471.96,Department of Defense,Department of the Navy,Space / Satellite,MK 41 VLS PRODUCTION,"MOORESTOWN, BURLINGTON, NJ, UNITED STATES",N0002423C5325,N0002423C5325,USAspending,https://www.usaspending.gov/award/CONT_AWD_N0002423C5325_9700_-NONE-_-NONE-/
moco-06e30ef8a631fe88,2026-06-30,2026-06-30,Lockheed Martin,Bethesda,verified,24542816.0,Department of Defense,Department of the Air Force,Defense,F22 SUSTAINMENT MODIFICATIONS AND HEAVY MAINTENANCE,"FORT WORTH, TARRANT, TX, UNITED STATES",FA820526FB002,FA820526FB002,USAspending,https://www.usaspending.gov/award/CONT_AWD_FA820526FB002_9700_FA820518D0001_9700/
moco-fc772ee749b06b8c,2026-06-29,2026-06-29,Lockheed Martin,Bethesda,verified,999.99,Department of Defense,Department of the Army,Defense,INTERNATIONAL CONTRACTOR LOGISTICS SUPPORT  IN SUPPORT OF ALL STRATEGIC AND OPERATIONAL ROCKETS AND MISSILES PROJECT OFFICE WEAPON SYSTEMS.,"GRAND PRAIRIE, DALLAS, TX, UNITED STATES",W31P4Q26F0131,W31P4Q26F0131,USAspending,https://www.usaspending.gov/award/CONT_AWD_W31P4Q26F0131_9700_W31P4Q26D0018_9700/
moco-f5c4a66ac721fcaa,2026-06-29,2026-06-29,Lockheed Martin,Bethesda,verified,-33228.89,Department of Defense,Department of the Army,Defense,AIR-TO-GROUND MISSILE SYSTEMS (AGMS) ENGINEERING SERVICES.,"ORLANDO, ORANGE, FL, UNITED STATES",W31P4Q18C0070,W31P4Q18C0070,USAspending,https://www.usaspending.gov/award/CONT_AWD_W31P4Q18C0070_9700_-NONE-_-NONE-/
moco-f5732e2bd906a3c7,2026-06-29,2026-06-29,Lockheed Martin,Bethesda,verified,10874.56,Department of Defense,Defense Logistics Agency,Defense,"8512207225!CONTACT,ELECTRICAL","ORLANDO, ORANGE, FL, UNITED STATES",SPE4A226F6614,SPE4A226F6614,USAspending,https://www.usaspending.gov/award/CONT_AWD_SPE4A226F6614_9700_SPE4AX25D5000_9700/
moco-ed447cddf709095b,2026-06-29,2026-06-29,Lockheed Martin,Bethesda,verified,130000000.0,Department of Defense,Missile Defense Agency,Defense,"DESIGN, DEVELOPMENT, INTEGRATION, TEST, AND DELIVERY OF THE GROUND-BASED MIDCOURSE DEFENSE NEXT GENERATION INTERCEPTOR.","HUNTSVILLE, MADISON, AL, UNITED STATES",HQ085621C0001,HQ085621C0001,USAspending,https://www.usaspending.gov/award/CONT_AWD_HQ085621C0001_9700_-NONE-_-NONE-/
moco-da78459507023f1a,2026-06-29,2026-06-29,Lockheed Martin,Bethesda,verified,4227937.93,Department of Defense,Department of the Navy,Defense,SHIP SELF-DEFENSE SYSTEM (SSDS) COMBAT SYSTEMS ENGINEERING AGENT (CSEA),"MOORESTOWN, BURLINGTON, NJ, UNITED STATES",N0002419C5603,N0002419C5603,USAspending,https://www.usaspending.gov/award/CONT_AWD_N0002419C5603_9700_-NONE-_-NONE-/
moco-d400dd7675ae5b3e,2026-06-29,2026-06-29,Lockheed Martin,Bethesda,verified,0.0,Department of Defense,Defense Contract Management Agency,Defense,TRIDENT NAVIGATION SUBSYSTEM INS SPARES BOA ORDER NO. 2. A00002 EXTENDS THE POP TO 12/1/2025.,"UNIONDALE, NASSAU, NY, UNITED STATES",S3309A23F0001,S3309A23F0001,USAspending,https://www.usaspending.gov/award/CONT_AWD_S3309A23F0001_9700_N0003019G0053_9700/
moco-cecf1b9dfba65634,2026-06-29,2026-06-29,Lockheed Martin,Bethesda,verified,36671622.0,Department of Defense,Department of the Navy,Space / Satellite,"THIS MODIFICATION INCLUDES FUNDING ACTIONS FOR THE TRIDENT D5 II EFFORTS FOR INCREMENTAL FUNDING ACTIONS FOR CONTRACT LINE ITEM NUMBER (CLIN) 0002, 0009, 0010, AND 0076 AND EXERCISE AND FULLY FUND OPTION CLIN 0042.","TITUSVILLE, BREVARD, FL, UNITED STATES",N0003025C0100,N0003025C0100,USAspending,https://www.usaspending.gov/award/CONT_AWD_N0003025C0100_9700_-NONE-_-NONE-/
moco-cde916d2e2fc8bcd,2026-06-29,2026-06-29,Lockheed Martin,Bethesda,verified,-23986.7,Department of Defense,Department of the Army,Space / Satellite,M299 LONGBOW HELLFIRE LAUNCHER.,"ORLANDO, ORANGE, FL, UNITED STATES",W31P4Q21C0039,W31P4Q21C0039,USAspending,https://www.usaspending.gov/award/CONT_AWD_W31P4Q21C0039_9700_-NONE-_-NONE-/
moco-cb2bde58e4b3c673,2026-06-29,2026-06-29,Lockheed Martin,Bethesda,verified,1999201.0,Department of Defense,Missile Defense Agency,Defense,"THIS EFFORT IS TO PROCURE OSI-L STRINGS FOR THROUGHPUT ENHANCEMENTS VIA HARDWARE UPGRADES TO BUILD, TEST, INSTALL, AND CHECKOUT.","MOORESTOWN, BURLINGTON, NJ, UNITED STATES",HQ014716C0011,HQ014716C0011,USAspending,https://www.usaspending.gov/award/CONT_AWD_HQ014716C0011_9700_-NONE-_-NONE-/
moco-c28d7e3d0c1760e0,2026-06-29,2026-06-29,Lockheed Martin,Bethesda,verified,9764160.0,Department of Defense,Department of the Army,Space / Satellite,"GUIDED MULTIPLE LAUNCH ROCKET SYSTEMS (GMLRS) MILITARY-CODE GUIDANCE SET (MGS) SYSTEM DESIGN, INTEGRATION, AND QUALIFICATION, PHASE II.","GRAND PRAIRIE, DALLAS, TX, UNITED STATES",W31P4Q23F0341,W31P4Q23F0341,USAspending,https://www.usaspending.gov/award/CONT_AWD_W31P4Q23F0341_9700_W31P4Q23D0003_9700/
moco-a055ad6685b89fb3,2026-06-29,2026-06-29,Lockheed Martin,Bethesda,verified,-148367.58,Department of Defense,Department of the Army,Defense,AIR-TO-GROUND MISSILE SYSTEMS (AGMS) ENGINEERING SERVICES.,"ORLANDO, ORANGE, FL, UNITED STATES",W31P4Q19C0071,W31P4Q19C0071,USAspending,https://www.usaspending.gov/award/CONT_AWD_W31P4Q19C0071_9700_-NONE-_-NONE-/
moco-9e46c4063955f9dd,2026-06-29,2026-06-29,Lockheed Martin,Bethesda,verified,5255000.0,Department of Defense,U.S. Special Operations Command,Defense,FOSOV LCSM,"LEXINGTON, FAYETTE, KY, UNITED STATES",H9225426FE100,H9225426FE100,USAspending,https://www.usaspending.gov/award/CONT_AWD_H9225426FE100_9700_H9225417D0001_9700/
moco-99f5989061723834,2026-06-29,2026-06-29,Lockheed Martin,Bethesda,verified,-4100000.0,Department of Defense,Department of the Navy,Defense,THIS AWARD FOR THE COMMON MISSILE COMPARTMENT SYSTEM IS BEING MODIFIED TO DE-OBLIGATE FUNDS UNDER CLINS 0001 & 0003,"WASHINGTON NAVY YARD, DISTRICT OF COLUMBIA, DC, UNITED STATES",N0003024C2017,N0003024C2017,USAspending,https://www.usaspending.gov/award/CONT_AWD_N0003024C2017_9700_-NONE-_-NONE-/
moco-98098e4aa2f2b10b,2026-06-29,2026-06-29,Lockheed Martin,Bethesda,verified,1527.28,Department of Defense,Defense Logistics Agency,Defense,"8512207223!CONTACT,ELECTRICAL","ORLANDO, ORANGE, FL, UNITED STATES",SPE4A226F6612,SPE4A226F6612,USAspending,https://www.usaspending.gov/award/CONT_AWD_SPE4A226F6612_9700_SPE4AX25D5000_9700/
moco-7d5e51bcee324d9e,2026-06-29,2026-06-29,Lockheed Martin,Bethesda,verified,17327815.33,Department of Defense,Missile Defense Agency,Defense,HOMELAND DEFENSE RADAR GUAM - UNDER THE HOMELAND DEFENSE RADAR (HDR) MULTI-AWARD INDEFINITE-DELIVERY/INDEFINITE-QUANTITY CONTRACT (MAIDIQ),"MOORESTOWN, BURLINGTON, NJ, UNITED STATES",HQ086222F0007,HQ086222F0007,USAspending,https://www.usaspending.gov/award/CONT_AWD_HQ086222F0007_9700_HQ014718D0011_9700/
moco-7b159ec83c5d2dac,2026-06-29,2026-06-29,Lockheed Martin,Bethesda,verified,30633.12,Department of Defense,Defense Logistics Agency,Defense,8512209972!GASKET,"O FALLON, SAINT CHARLES, MO, UNITED STATES",SPE4A226F6616,SPE4A226F6616,USAspending,https://www.usaspending.gov/award/CONT_AWD_SPE4A226F6616_9700_SPE4AX25D5000_9700/
moco-5c63652b2bc32c33,2026-06-29,2026-06-29,Lockheed Martin,Bethesda,verified,-2532558.67,Department of Defense,Department of the Army,Defense,INTERNATIONAL CONTRACTOR LOGISTICS SUPPORT  IN SUPPORT OF ALL STRATEGIC AND OPERATIONAL ROCKETS AND MISSILES PROJECT OFFICE WEAPON SYSTEMS.,"GRAND PRAIRIE, DALLAS, TX, UNITED STATES",W31P4Q26F0134,W31P4Q26F0134,USAspending,https://www.usaspending.gov/award/CONT_AWD_W31P4Q26F0134_9700_W31P4Q26D0018_9700/
moco-58b5539f188fad39,2026-06-29,2026-06-29,Lockheed Martin,Bethesda,verified,-5013.44,Department of Defense,Department of the Navy,Defense,DEOBLIGATION FOR CLOSEOUT PREPARATION.,"STRATFORD, FAIRFIELD, CT, UNITED STATES",N0001920F0024,N0001920F0024,USAspending,https://www.usaspending.gov/award/CONT_AWD_N0001920F0024_9700_N0001919G0029_9700/
moco-4f7fbd329d4ec4c7,2026-06-29,2026-06-29,Lockheed Martin,Bethesda,verified,2936.24,Department of Defense,Defense Logistics Agency,Defense,"8512207224!CONTACT,ELECTRICAL","ORLANDO, ORANGE, FL, UNITED STATES",SPE4A226F6613,SPE4A226F6613,USAspending,https://www.usaspending.gov/award/CONT_AWD_SPE4A226F6613_9700_SPE4AX25D5000_9700/
moco-4d85d0337139ff19,2026-06-29,2026-06-29,Lockheed Martin,Bethesda,verified,500000.0,Department of Defense,Department of the Navy,Defense Technology,EAF DPAS: DX RATED FREQUENCY GENERATOR,"MOORESTOWN, BURLINGTON, NJ, UNITED STATES",N0010426FCN0B,N0010426FCN0B,USAspending,https://www.usaspending.gov/award/CONT_AWD_N0010426FCN0B_9700_N0010424GCN01_9700/
moco-330a541df3376aa7,2026-06-29,2026-06-29,Abt Global,Rockville,strong,100000.0,Environmental Protection Agency,Environmental Protection Agency,Professional Services,"F999 - TOXIC CHEMICALS ANALYSIS, RSEI AND OTHER DADB SUPPORT - FUNDS MOVEMENT P00014- OBLIGATE FUNDS & EXERCISE AN OPTION","CAMBRIDGE, MIDDLESEX, MA, UNITED STATES",68HERC23F0445,68HERC23F0445,USAspending,https://www.usaspending.gov/award/CONT_AWD_68HERC23F0445_6800_68HERC23D0004_6800/
moco-189c78e398d08da7,2026-06-29,2026-06-29,Lockheed Martin,Bethesda,verified,-949744.49,Department of Defense,Department of the Army,Defense,INTERNATIONAL CONTRACTOR LOGISTICS SUPPORT  IN SUPPORT OF ALL STRATEGIC AND OPERATIONAL ROCKETS AND MISSILES PROJECT OFFICE WEAPON SYSTEMS.,"GRAND PRAIRIE, DALLAS, TX, UNITED STATES",W31P4Q26F0133,W31P4Q26F0133,USAspending,https://www.usaspending.gov/award/CONT_AWD_W31P4Q26F0133_9700_W31P4Q26D0018_9700/
moco-0b4c6d8aeefeb830,2026-06-29,2026-06-29,Lockheed Martin,Bethesda,verified,10979.54,Department of Defense,Defense Logistics Agency,Defense,"8512204128!MANIFOLD,HYDRAULIC","FORT WORTH, TARRANT, TX, UNITED STATES",SPE7M326F0073,SPE7M326F0073,USAspending,https://www.usaspending.gov/award/CONT_AWD_SPE7M326F0073_9700_SPE4A123G0023_9700/
moco-0af9e7412c6a6d59,2026-06-29,2026-06-29,Lockheed Martin,Bethesda,verified,1660079.5,Department of Defense,Department of the Army,Defense,"STRATEGIC AND OPERATIONAL ROCKETS AND MISSILES PROJECT OFFICE, PORTFOLIO ACQUISITION EXECUTIVE FIRES TO SUPPORT INDUSTRIAL ENGINEERING SERVICES","GRAND PRAIRIE, DALLAS, TX, UNITED STATES",W31P4Q24C0007,W31P4Q24C0007,USAspending,https://www.usaspending.gov/award/CONT_AWD_W31P4Q24C0007_9700_-NONE-_-NONE-/
moco-0aadaf99b4627f69,2026-06-29,2026-06-29,Lockheed Martin,Bethesda,verified,537640.0,Department of Defense,U.S. Special Operations Command,Defense,PEO MARITIME LCSM - IF,"LEXINGTON, FAYETTE, KY, UNITED STATES",H9225426FE071,H9225426FE071,USAspending,https://www.usaspending.gov/award/CONT_AWD_H9225426FE071_9700_H9225417D0001_9700/
moco-f4cd59c1b0dcb7af,2026-06-26,2026-06-26,Lockheed Martin,Bethesda,verified,-619796.59,Department of Defense,U.S. Special Operations Command,Defense,CEAC,"LEXINGTON, FAYETTE, KY, UNITED STATES",H9225423F2680,H9225423F2680,USAspending,https://www.usaspending.gov/award/CONT_AWD_H9225423F2680_9700_H9225417D0001_9700/
moco-e5cf35bdc2c6b6c9,2026-06-26,2026-06-26,Lockheed Martin,Bethesda,verified,-18887232.0,Department of Defense,Department of the Navy,Defense,AN/SSQ-125A NEGOTIATED SETTLEMENT,"COLUMBIA CITY, WHITLEY, IN, UNITED STATES",N0001922F2314,N0001922F2314,USAspending,https://www.usaspending.gov/award/CONT_AWD_N0001922F2314_9700_N0001919D0013_9700/
moco-dd7957ac051c1d8b,2026-06-26,2026-06-26,Lockheed Martin,Bethesda,verified,-7306695.52,Department of Defense,Department of the Navy,Defense,AN/SSQ-125A NEGOTIATED SETTLEMENT,"MANASSAS, PRINCE WILLIAM, VA, UNITED STATES",N0001923F0093,N0001923F0093,USAspending,https://www.usaspending.gov/award/CONT_AWD_N0001923F0093_9700_N0001919D0013_9700/
moco-cd327f41778957b2,2026-06-26,2026-06-26,Lockheed Martin,Bethesda,verified,998000.0,Department of Defense,Department of the Navy,Defense Technology,EAF THE VENDOR IS USING EXTRA ASSETS TO CANNIBALIZE PARTS TO BE ABLE TO MAKE A CONDITION.,"MOORESTOWN, BURLINGTON, NJ, UNITED STATES",N0010426F0017,N0010426F0017,USAspending,https://www.usaspending.gov/award/CONT_AWD_N0010426F0017_9700_N0010424GCN01_9700/
moco-cad1400362c6b7dc,2026-06-26,2026-06-26,Lockheed Martin,Bethesda,verified,188336521.0,Department of Defense,Department of the Navy,Defense,THE REASON FOR THIS MOD IS TO DEFINITIZE,"FORT WORTH, TARRANT, TX, UNITED STATES",N0001919C0010,N0001919C0010,USAspending,https://www.usaspending.gov/award/CONT_AWD_N0001919C0010_9700_-NONE-_-NONE-/
moco-bf8f06939ff93d57,2026-06-26,2026-06-26,Lockheed Martin,Bethesda,verified,2037250.0,Department of Defense,Missile Defense Agency,Defense,THIS TO PROVIDES SYSTEM ENGINEERING AND TECHNICAL SUPPORT TO FOR THE AEGIS WEAPON SYSTEM (AWS) CONFIGURATIONS IN SUPPORT OF JOINT TACTICAL INTEGRATED FIRE CONTROL (JTIFC) DEVELOPMENT.,"MOORESTOWN, BURLINGTON, NJ, UNITED STATES",HQ085126FE031,HQ085126FE031,USAspending,https://www.usaspending.gov/award/CONT_AWD_HQ085126FE031_9700_HQ085125DE001_9700/
moco-b69b3eb7461710e3,2026-06-26,2026-06-26,Abt Global,Rockville,strong,-2277.0,Department of Health and Human Services,Centers for Disease Control and Prevention,Professional Services,RESEARCH STUDY OF TOXINS,"ROCKVILLE, MONTGOMERY, MD, UNITED STATES",75D30120F09439,75D30120F09439,USAspending,https://www.usaspending.gov/award/CONT_AWD_75D30120F09439_7523_HHSD2002013M53890B_7523/
moco-ae6177809098d4a5,2026-06-26,2026-06-26,Lockheed Martin,Bethesda,verified,0.0,Department of Defense,U.S. Special Operations Command,Defense,A/MH-6 PMO REQUIRES CONFIGURATION CHANGES FOR BOTH THE A/MH-6 AND 6R AIRCRAFT IN ORDER TO ENSURE CONTINUED CAPABILITY IN THE BATTLEFIELD ENVIRONMENT. NGTC CAPABILITIES WILL BE INTEGRATED INTO THE A/MH-6M AND POST PROTOTYPE FIXES WILL BE IMPLEMENTED.,"LEXINGTON, FAYETTE, KY, UNITED STATES",H9225424F2786,H9225424F2786,USAspending,https://www.usaspending.gov/award/CONT_AWD_H9225424F2786_9700_H9225417D0001_9700/
moco-ab3e266f317c85be,2026-06-26,2026-06-26,Lockheed Martin,Bethesda,verified,26097923.0,Department of Defense,Missile Defense Agency,Defense,THIS TASK ORDER PROVIDES CRITICAL SUSTAINMENT SUPPORT FOR THE THAAD WEAPON SYSTEM.,"GRAND PRAIRIE, DALLAS, TX, UNITED STATES",HQ085326FE002,HQ085326FE002,USAspending,https://www.usaspending.gov/award/CONT_AWD_HQ085326FE002_9700_HQ085320D0001_9700/
moco-a189b56ba8addac0,2026-06-26,2026-06-26,Lockheed Martin,Bethesda,verified,-6543066.6,Department of Defense,Department of the Navy,Defense,AN/SSQ-125A NEGOTIATED SETTLEMENT,"MANASSAS, PRINCE WILLIAM, VA, UNITED STATES",N0001922F0982,N0001922F0982,USAspending,https://www.usaspending.gov/award/CONT_AWD_N0001922F0982_9700_N0001919D0013_9700/
moco-903823e7cf05ed6c,2026-06-26,2026-06-26,Lockheed Martin,Bethesda,verified,-29332.06,Department of Defense,U.S. Special Operations Command,Defense,TASK ORDER 2787 - UME,"LEXINGTON, FAYETTE, KY, UNITED STATES",H9225424F2787,H9225424F2787,USAspending,https://www.usaspending.gov/award/CONT_AWD_H9225424F2787_9700_H9225417D0001_9700/
moco-7679a759425120d0,2026-06-26,2026-06-26,Abt Global,Rockville,strong,0.0,Department of Housing and Urban Development,Department of Housing and Urban Development,Professional Services,EVALUATION OF MOVING TO WORK COHORT 4 LANDLORD INCENTIVES,"ROCKVILLE, MONTGOMERY, MD, UNITED STATES",86614921F00009,86614921F00009,USAspending,https://www.usaspending.gov/award/CONT_AWD_86614921F00009_8600_GS00F252CA_4732/
moco-6173615f4ee80a6c,2026-06-26,2026-06-26,Lockheed Martin,Bethesda,verified,-16730587.06,Department of Defense,Department of the Navy,Defense,AN/SSQ-125A NEGOTIATED SETTLEMENT,"MANASSAS, PRINCE WILLIAM, VA, UNITED STATES",N0001919F2642,N0001919F2642,USAspending,https://www.usaspending.gov/award/CONT_AWD_N0001919F2642_9700_N0001919D0013_9700/
moco-51f64f1fe9d56e73,2026-06-26,2026-06-26,Lockheed Martin,Bethesda,verified,71152.77,Department of Defense,Department of the Navy,Defense Technology,FIVE (5) YEAR FIRM FIXED PRICE REQUIREMENTS CONTRACT FOR THE REPAIR OF 123 NIINS IN SUPPORT OF THE SPY-1 RADAR SYSTEM FOR THE AEGIS WEAPON SYSTEM.,"MOORESTOWN, BURLINGTON, NJ, UNITED STATES",N0010426F0016,N0010426F0016,USAspending,https://www.usaspending.gov/award/CONT_AWD_N0010426F0016_9700_N0010426D0001_9700/
moco-4c0d55cacd251f6d,2026-06-26,2026-06-26,Lockheed Martin,Bethesda,verified,287617.75,Department of Defense,Department of the Navy,Defense Technology,POWER SUPPLY,"MOORESTOWN, BURLINGTON, NJ, UNITED STATES",N0010426FCN0C,N0010426FCN0C,USAspending,https://www.usaspending.gov/award/CONT_AWD_N0010426FCN0C_9700_N0010424GCN01_9700/
moco-389d38a96f27420c,2026-06-26,2026-06-26,Lockheed Martin,Bethesda,verified,0.05,Department of Defense,Department of the Navy,Defense,"THIS MODIFICATION UPDATES THE SHIPPING ADDRESS FOR SEVERAL SLINS, ADJUSTS THE UNIT PRICES TO THE HUNDREDTHS PLACE TO ALLOW SPS TO PROPERLY INTERFACE WITH NAVY ERP, UPDATES THE STATEMENT OF WORK (SOW), AND ADDS A REQUEST FOR VARIANCE (RFV) LOG.","ORLANDO, ORANGE, FL, UNITED STATES",N0001925C0009,N0001925C0009,USAspending,https://www.usaspending.gov/award/CONT_AWD_N0001925C0009_9700_-NONE-_-NONE-/
moco-2de7fb7d8d725ffd,2026-06-26,2026-06-26,Lockheed Martin,Bethesda,verified,51399999.0,Department of Defense,Department of the Navy,Defense,"THIS EFFORT SUPPORTS MID-LIFE UPGRADE OF THE EQUIPMENT AND SERVICES FOR THE SPANISH NAVY F-100 CLASS SHIP TO SUPPORT FLEET REQUIREMENTS, AND PROCURES CRITICAL LONG LEAD MATERIAL IN SUPPORT OF THE CSEDS LAB DEVELOPMENT AND LIGHT-OFF.","MOORESTOWN, BURLINGTON, NJ, UNITED STATES",N0002426C5102,N0002426C5102,USAspending,https://www.usaspending.gov/award/CONT_AWD_N0002426C5102_9700_-NONE-_-NONE-/
moco-14fea8fd0fed68e6,2026-06-26,2026-06-26,Lockheed Martin,Bethesda,verified,7306.3,Department of Defense,Defense Logistics Agency,Defense,"8512201748!BOLT,SHEAR","FORT WORTH, TARRANT, TX, UNITED STATES",SPE4A026F0090,SPE4A026F0090,USAspending,https://www.usaspending.gov/award/CONT_AWD_SPE4A026F0090_9700_SPE4A123G0023_9700/
moco-090ef5a5fbdfcdef,2026-06-26,2026-06-26,Lockheed Martin,Bethesda,verified,70712.0,Department of Defense,Department of the Air Force,Defense,CONTRACTOR ENGINEERING AND TECHNICAL SERVICES (CETS) FOR INDONESIA,INDONESIA,FA860425FB326,FA860425FB326,USAspending,https://www.usaspending.gov/award/CONT_AWD_FA860425FB326_9700_FA860423DB003_9700/
moco-0678b473a6293aae,2026-06-26,2026-06-26,Lockheed Martin,Bethesda,verified,3500000.0,Department of Defense,Department of the Navy,Defense,LCS 31 CLINS 1/3,"MOORESTOWN, BURLINGTON, NJ, UNITED STATES",N6278626F1001,N6278626F1001,USAspending,https://www.usaspending.gov/award/CONT_AWD_N6278626F1001_9700_N0002419G2319_9700/
moco-f680d0ca67805b3c,2026-06-25,2026-06-25,Lockheed Martin,Bethesda,verified,2315633.0,Department of Defense,Department of the Air Force,Defense,"FMS - BAHRAIN, SLOVAKIA, BULGARIA F-16 BLOCK 70","ORLANDO, ORANGE, FL, UNITED STATES",FA862122C0020,FA862122C0020,USAspending,https://www.usaspending.gov/award/CONT_AWD_FA862122C0020_9700_-NONE-_-NONE-/
moco-e9dbbc6f684bece9,2026-06-25,2026-06-25,Lockheed Martin,Bethesda,verified,-10954.0,Department of Defense,Department of the Navy,Defense,FMS BA-P-RAA AN-TPS-59 RADAR SPARES REPLENISHMENT,"LIVERPOOL, ONONDAGA, NY, UNITED STATES",M6785424C0156,M6785424C0156,USAspending,https://www.usaspending.gov/award/CONT_AWD_M6785424C0156_9700_-NONE-_-NONE-/
moco-e876a77f784449c4,2026-06-25,2026-06-25,Lockheed Martin,Bethesda,verified,10131760.0,Department of Defense,U.S. Special Operations Command,Defense,"THIS PROPOSAL IS BASED ON PERFORMANCE OF THE TO SCOPE DETAILED IN THE PWS ENCLOSED AT APPX B. AS A SYNOPSIS OF THIS SCOPE, WILL PROVIDE H47ER BLOCK II POSTPRODUCTION MOD ENG, PROCUREMENT, FABRICATION, AND INSTALLATION SERVICES TO THE CUSTOMER.","LEXINGTON, FAYETTE, KY, UNITED STATES",H9225425FE022,H9225425FE022,USAspending,https://www.usaspending.gov/award/CONT_AWD_H9225425FE022_9700_H9225417D0001_9700/
moco-cdde37ba2630799b,2026-06-25,2026-06-25,Lockheed Martin,Bethesda,verified,0.0,Department of Defense,Defense Contract Management Agency,Defense,UPDATE REQ/SERIAL NUMBERS,"OWEGO, TIOGA, NY, UNITED STATES",N0038325F0033,N0038325F0033,USAspending,https://www.usaspending.gov/award/CONT_AWD_N0038325F0033_9700_N0038320GXF01_9700/
moco-cbe8164780c15111,2026-06-25,2026-06-25,Abt Global,Rockville,strong,0.0,Department of Health and Human Services,Centers for Medicare and Medicaid Services,Professional Services,THE CENTER FOR MEDICARE & MEDICAID INNOVATION (CMMI) OF THE CENTERS FOR MEDICARE & MEDICAID SERVICES (CMS) SEEKS THE SERVICES OF A QUALIFIED VENDOR TO CONDUCT AN EVALUATION OF THE INTEGRATED CARE FOR KIDS (INCK) INITIATIVE. INCK IS A STATE PAYMENT AN,"WINDSOR MILL, BALTIMORE, MD, UNITED STATES",75FCMC20F0001,75FCMC20F0001,USAspending,https://www.usaspending.gov/award/CONT_AWD_75FCMC20F0001_7530_75FCMC19D0080_7530/
moco-c4f0f6a935e2f934,2026-06-25,2026-06-25,Lockheed Martin,Bethesda,verified,676915.72,Department of Defense,Department of the Navy,Defense Technology,DELIVERY ORDER FOR SCLIN 0124AA,"MOORESTOWN, BURLINGTON, NJ, UNITED STATES",N0010426FF950,N0010426FF950,USAspending,https://www.usaspending.gov/award/CONT_AWD_N0010426FF950_9700_N0010426D0001_9700/
moco-bcc73e43ce15d3ed,2026-06-25,2026-06-25,Abt Global,Rockville,strong,-9036.95,Department of Commerce,National Oceanic and Atmospheric Administration,Professional Services,DEOBLIGATE REMAINING UNUSED FUNDS AND CLOSEOUT THE ORDER.,"BOULDER, CO, UNITED STATES",1305M223FNCNR0102,1305M223FNCNR0102,USAspending,https://www.usaspending.gov/award/CONT_AWD_1305M223FNCNR0102_1330_GS00F252CA_4732/
moco-afe257c05b81ea29,2026-06-25,2026-06-25,Lockheed Martin,Bethesda,verified,-406.16,Department of Defense,Defense Contract Management Agency,Defense,UNDEFINITIZED ORDER,"MOORESTOWN, BURLINGTON, NJ, UNITED STATES",HQ072720F1102,HQ072720F1102,USAspending,https://www.usaspending.gov/award/CONT_AWD_HQ072720F1102_9700_HQ072716D0001_9700/
moco-aef0aa4e3865eaaa,2026-06-25,2026-06-25,Lockheed Martin,Bethesda,verified,320463.0,Department of Defense,Department of the Navy,Defense Technology,NSN: 7HH 5998 015773866         0001AA - 0001AE: (TOTAL 5 EA). ITEM NAME: CIRCUIT CARD ASSEMB  NEW SPARE BUY REF NO: 77C733428G2,"LIVERPOOL, ONONDAGA, NY, UNITED STATES",N0010426PYC27,N0010426PYC27,USAspending,https://www.usaspending.gov/award/CONT_AWD_N0010426PYC27_9700_-NONE-_-NONE-/
moco-a91fc50075c7ca24,2026-06-25,2026-06-25,Lockheed Martin,Bethesda,verified,-36222.0,Department of Defense,Department of the Air Force,Space / Satellite,JOINT AIR TO SURFACE STANDOFF MISSILE,"ORLANDO, ORANGE, FL, UNITED STATES",FA868219F1017,FA868219F1017,USAspending,https://www.usaspending.gov/award/CONT_AWD_FA868219F1017_9700_FA868217D0002_9700/
moco-9fe3db82a5b3bdcd,2026-06-25,2026-06-25,Lockheed Martin,Bethesda,verified,2431.04,Department of Defense,Defense Logistics Agency,Defense,"8512204323!RIVET,SOLID","ORLANDO, ORANGE, FL, UNITED STATES",SPE4A226F6605,SPE4A226F6605,USAspending,https://www.usaspending.gov/award/CONT_AWD_SPE4A226F6605_9700_SPE4AX25D5000_9700/
moco-9468581c7f024ea5,2026-06-25,2026-06-25,Lockheed Martin,Bethesda,verified,-275144.53,Department of Defense,Department of the Navy,Defense Technology,SEPA,"MANASSAS, PRINCE WILLIAM, VA, UNITED STATES",N0010425FCU0E,N0010425FCU0E,USAspending,https://www.usaspending.gov/award/CONT_AWD_N0010425FCU0E_9700_N0010425GCU01_9700/
moco-91c1a2167b4e4784,2026-06-25,2026-06-25,Lockheed Martin,Bethesda,verified,15467.0,Department of Defense,Department of the Navy,Defense,UPDATE SUB-CONTRACT LINE ITEM NUMBERS SLINS 3005AG AND 3005AY.ESTABLISH AND FUND SUB-CONTRACT LINE ITEM NUMBERS SLINS 3005AZ AND 3005BA. UPDATE THE DELIVERY SCHEDULE FOR SLINS 3001AD AND 3003AD.,"OWEGO, TIOGA, NY, UNITED STATES",N0001920F0350,N0001920F0350,USAspending,https://www.usaspending.gov/award/CONT_AWD_N0001920F0350_9700_N0001919G0029_9700/
moco-913f54d8af96ebb4,2026-06-25,2026-06-25,Lockheed Martin,Bethesda,verified,70712.0,Department of Defense,Department of the Air Force,Defense,CONTRACTOR ENGINEERING AND TECHNICAL SERVICES (CETS) FOR MOROCCO FROM LOCKHEED MARTIN,MOROCCO,FA860426FB014,FA860426FB014,USAspending,https://www.usaspending.gov/award/CONT_AWD_FA860426FB014_9700_FA860423DB003_9700/
moco-8e57375ff8404eaf,2026-06-25,2026-06-25,Lockheed Martin,Bethesda,verified,-6891.39,Department of Defense,Defense Logistics Agency,Defense,8508137796!,"MIDDLE RIVER, BALTIMORE, MD, UNITED STATES",SPE4A221F3208,SPE4A221F3208,USAspending,https://www.usaspending.gov/award/CONT_AWD_SPE4A221F3208_9700_SPE4AX18D9003_9700/
moco-8a5a37a9ceaf9778,2026-06-25,2026-06-25,Lockheed Martin,Bethesda,verified,77.46,Department of Defense,Defense Logistics Agency,Defense,"8512174259!SCREW,CAP,SOCKET HE","ORLANDO, ORANGE, FL, UNITED STATES",SPE4AX26F202P,SPE4AX26F202P,USAspending,https://www.usaspending.gov/award/CONT_AWD_SPE4AX26F202P_9700_SPE4AX25D5000_9700/
moco-8a16d9abc3168fb1,2026-06-25,2026-06-25,Lockheed Martin,Bethesda,verified,109.96,Department of Defense,Defense Logistics Agency,Defense,"8512205080!SCREW,MACHINE","HAYWARD, ALAMEDA, CA, UNITED STATES",SPE4A226F6606,SPE4A226F6606,USAspending,https://www.usaspending.gov/award/CONT_AWD_SPE4A226F6606_9700_SPE4AX25D5000_9700/
moco-7bf9123a137525e4,2026-06-25,2026-06-25,Lockheed Martin,Bethesda,verified,207385.0,Department of Defense,U.S. Special Operations Command,Defense,TO 2953 - MTRC - PMD,"LEXINGTON, FAYETTE, KY, UNITED STATES",H9225425FE046,H9225425FE046,USAspending,https://www.usaspending.gov/award/CONT_AWD_H9225425FE046_9700_H9225417D0001_9700/
moco-70392ea5f3ddcf86,2026-06-25,2026-06-25,Lockheed Martin,Bethesda,verified,5293415.0,Department of Defense,Department of the Army,Defense,LOWER TIER AIR AND MISSILE DEFENSE SENSOR (LTAMDS) PHASED ARRAY TRACKING TO INTERCEPT ON TARGET (PATRIOT) ADVANCED CAPABILITY - 3 (PAC-3) SYSTEM GROUND AND FLIGHT TEST (FT) SUPPORT,"GRAND PRAIRIE, DALLAS, TX, UNITED STATES",W31P4Q26F0005,W31P4Q26F0005,USAspending,https://www.usaspending.gov/award/CONT_AWD_W31P4Q26F0005_9700_W31P4Q22G0003_9700/
moco-5916494058e00ca6,2026-06-25,2026-06-25,Lockheed Martin,Bethesda,verified,89.67,Department of Defense,Defense Logistics Agency,Defense,"8512173607!SCREW,MACHINE","ARLINGTON, TARRANT, TX, UNITED STATES",SPE4AX26F201A,SPE4AX26F201A,USAspending,https://www.usaspending.gov/award/CONT_AWD_SPE4AX26F201A_9700_SPE4AX25D5000_9700/
moco-438db9e517333c93,2026-06-25,2026-06-25,Lockheed Martin,Bethesda,verified,67.25,Department of Defense,Defense Logistics Agency,Defense,"8512173518!SCREW,MACHINE","ORLANDO, ORANGE, FL, UNITED STATES",SPE4A526F7034,SPE4A526F7034,USAspending,https://www.usaspending.gov/award/CONT_AWD_SPE4A526F7034_9700_SPE4AX25D5000_9700/
moco-3daca78ca4978bd4,2026-06-25,2026-06-25,Lockheed Martin,Bethesda,verified,4994615.5,Department of Defense,Department of the Navy,Defense Technology,"CONVERTER,SYNCHRO","MOORESTOWN, BURLINGTON, NJ, UNITED STATES",N0010426FF903,N0010426FF903,USAspending,https://www.usaspending.gov/award/CONT_AWD_N0010426FF903_9700_N0010426D0001_9700/
moco-39da8c8e154c686b,2026-06-25,2026-06-25,Lockheed Martin,Bethesda,verified,8509342.0,Department of Defense,Department of the Air Force,Defense,COMMON ORGANIZATIONAL LEVEL TESTER (COLT) PLUS CONTRACT.,"ORLANDO, ORANGE, FL, UNITED STATES",FA853326F0011,FA853326F0011,USAspending,https://www.usaspending.gov/award/CONT_AWD_FA853326F0011_9700_FA853325D0016_9700/
moco-37284a7dfaf0797a,2026-06-25,2026-06-25,Lockheed Martin,Bethesda,verified,117305.0,Department of Defense,Department of the Navy,Defense,NSN: 7R5841016504230 PN: FM300A381-0051NOMEN: RADAR DATA PROCESSOR (RDP),"OWEGO, TIOGA, NY, UNITED STATES",N0038326F0184,N0038326F0184,USAspending,https://www.usaspending.gov/award/CONT_AWD_N0038326F0184_9700_N0038326GAB01_9700/
moco-36c5862cffde94db,2026-06-25,2026-06-25,Lockheed Martin,Bethesda,verified,1280988.0,Department of Defense,Department of the Navy,Defense Technology,MODIFICATION TO RADMERC TASK ORDER N6600125F0871 TO ADD INCREMENTAL FUNDING,"LITTLETON, JEFFERSON, CO, UNITED STATES",N6600125F0871,N6600125F0871,USAspending,https://www.usaspending.gov/award/CONT_AWD_N6600125F0871_9700_N0003919D0006_9700/
moco-31d94a82f9ac20d3,2026-06-25,2026-06-25,Lockheed Martin,Bethesda,verified,50404.0,Department of Defense,Department of the Air Force,Defense,"PURSUANT TO FAR 16.504, INDEFINITE-QUANTITY CONTRACTS, THE ESTIMATED TOTAL QUANTITY OF THIS CONTRACT IS 648 MANMONTHS FOR 1 JULY 2023 THROUGH 30 JUNE 2026. THESE QUANTITIES SHALL BE EXECUTED IN ACCORDANCE TO THE ATTACHMENTS LISTED IN SECTION J.","HILL AFB, DAVIS, UT, UNITED STATES",FA860425FB080,FA860425FB080,USAspending,https://www.usaspending.gov/award/CONT_AWD_FA860425FB080_9700_FA860423DB003_9700/
moco-2bf72c539c091df4,2026-06-25,2026-06-25,Lockheed Martin,Bethesda,verified,500000.0,Department of Defense,Department of the Navy,Defense,THE PURPOSE OF THIS PROCUREMENT IS TO ACCOMPLISH EFFORTS REQUIRED FOR THE SMALL SURFACE COMBATANT COMBAT SYSTEM SHIP INTEGRATION AND TEST.,"MOORESTOWN, BURLINGTON, NJ, UNITED STATES",N0002421C5105,N0002421C5105,USAspending,https://www.usaspending.gov/award/CONT_AWD_N0002421C5105_9700_-NONE-_-NONE-/
moco-27b77c5f671cb163,2026-06-25,2026-06-25,Lockheed Martin,Bethesda,verified,158680.69,Department of Defense,Department of the Navy,Defense Technology,CIRCUIT CARD ASSEMB,"ORLANDO, ORANGE, FL, UNITED STATES",N0010426FZW00,N0010426FZW00,USAspending,https://www.usaspending.gov/award/CONT_AWD_N0010426FZW00_9700_N0010422GZW01_9700/
moco-20b374e9162ccb96,2026-06-25,2026-06-25,Lockheed Martin,Bethesda,verified,5423565.0,Department of Defense,Missile Defense Agency,Defense Technology,LEGACY TO 6 SPIRAL 8.2-7 SOFTWARE DEVELOPMENT,"COLORADO SPRINGS, EL PASO, CO, UNITED STATES",HQ085221F0006,HQ085221F0006,USAspending,https://www.usaspending.gov/award/CONT_AWD_HQ085221F0006_9700_HQ014712D0003_9700/
moco-1a6d0e124d0537b5,2026-06-25,2026-06-25,Lockheed Martin,Bethesda,verified,2407560.5,Department of Defense,Defense Logistics Agency,Defense,SPARES FOR THE F16 POWER SUPPLY,"FORT WORTH, TARRANT, TX, UNITED STATES",SPRHA426F0017,SPRHA426F0017,USAspending,https://www.usaspending.gov/award/CONT_AWD_SPRHA426F0017_9700_SPE4A123G0023_9700/
moco-1720004492047011,2026-06-25,2026-06-25,Lockheed Martin,Bethesda,verified,-2996062.98,Department of Defense,U.S. Special Operations Command,Defense,CEAC,"LEXINGTON, FAYETTE, KY, UNITED STATES",H9225423F2682,H9225423F2682,USAspending,https://www.usaspending.gov/award/CONT_AWD_H9225423F2682_9700_H9225417D0001_9700/
moco-0273ece2387cd88c,2026-06-25,2026-06-25,Lockheed Martin,Bethesda,verified,-13156.29,Department of Defense,Defense Logistics Agency,Defense,8508797086!,"MIDDLE RIVER, BALTIMORE, MD, UNITED STATES",SPE4A222F2409,SPE4A222F2409,USAspending,https://www.usaspending.gov/award/CONT_AWD_SPE4A222F2409_9700_SPE4AX18D9003_9700/
moco-f98078bee1ec315a,2026-06-24,2026-06-24,Lockheed Martin,Bethesda,verified,1728909.0,Department of Defense,Department of the Navy,Defense,INCREMENTALLY FUND CLIN 0004,"FORT WORTH, TARRANT, TX, UNITED STATES",N0001920F0301,N0001920F0301,USAspending,https://www.usaspending.gov/award/CONT_AWD_N0001920F0301_9700_N0001919G0008_9700/
moco-ee0086ac307b9d23,2026-06-24,2026-06-24,Lockheed Martin,Bethesda,verified,340289.0,Department of Defense,U.S. Special Operations Command,Defense,TASK ORDER 2945 - NSW OCONUS - CP1,"LEXINGTON, FAYETTE, KY, UNITED STATES",H9225425FE051,H9225425FE051,USAspending,https://www.usaspending.gov/award/CONT_AWD_H9225425FE051_9700_H9225417D0001_9700/
moco-e280971de15c9df2,2026-06-24,2026-06-24,Lockheed Martin,Bethesda,verified,-41338.0,Department of Defense,Department of the Air Force,Space / Satellite,"JOINT AIR TO SURFACE STANDOFF MISSILE (JASSM),INDEFINITE DELIVERY INDEFINITE QUANTITY (IDIQ) 6.","ORLANDO, ORANGE, FL, UNITED STATES",FA868220F1009,FA868220F1009,USAspending,https://www.usaspending.gov/award/CONT_AWD_FA868220F1009_9700_FA868217D0002_9700/
moco-df6e36c8f3d830eb,2026-06-24,2026-06-24,Lockheed Martin,Bethesda,verified,46346.0,Department of Defense,Department of the Navy,Defense,SPARE AND REPAIR BOA WITH LMCO (03640) FOR VARIOUS NIINS AND PLATFORMS.,"OWEGO, TIOGA, NY, UNITED STATES",N0038326F0203,N0038326F0203,USAspending,https://www.usaspending.gov/award/CONT_AWD_N0038326F0203_9700_N0038326GAB01_9700/
moco-dd8777656b8bbe8e,2026-06-24,2026-06-24,Lockheed Martin,Bethesda,verified,-21766.0,Department of Defense,Department of the Air Force,Space / Satellite,"JOINT AIR TO SURFACE STANDOFF MISSILE, PRECISION TARGETING MODULE 2021","ORLANDO, ORANGE, FL, UNITED STATES",FA868221F1101,FA868221F1101,USAspending,https://www.usaspending.gov/award/CONT_AWD_FA868221F1101_9700_FA868217D0002_9700/
moco-d0f80467b0a91caf,2026-06-24,2026-06-24,Lockheed Martin,Bethesda,verified,66759430.64,Department of Defense,Department of the Army,Defense Technology,MODERNIZED TARGET ACQUISITION SYSTEM/PILOT NIGHT VISION SENSOR (MTADS/PNVS) PERFORMANCE BASED LOGISTICS (PBL) V EFFORT.,"ORLANDO, ORANGE, FL, UNITED STATES",W58RGZ26C0006,W58RGZ26C0006,USAspending,https://www.usaspending.gov/award/CONT_AWD_W58RGZ26C0006_9700_-NONE-_-NONE-/
moco-c960ba8ba4f20f84,2026-06-24,2026-06-24,Lockheed Martin,Bethesda,verified,-4882.0,Department of Defense,Department of the Air Force,Space / Satellite,"JOINT AIR TO SURFACE STANDOFF MISSILE, NAVY ELECTRONIC SAFE","ORLANDO, ORANGE, FL, UNITED STATES",FA868220F1003,FA868220F1003,USAspending,https://www.usaspending.gov/award/CONT_AWD_FA868220F1003_9700_FA868217D0002_9700/
moco-be99e90f7559d151,2026-06-24,2026-06-24,Lockheed Martin,Bethesda,verified,-1841076.01,Department of Defense,U.S. Special Operations Command,Defense,"MH-47G BLOCK (BLK) II LOT 4, LOT 5, AND LOT 6 INDUCTIONS (PRE-, DURING, AND POST-INDUCTION), DEMOD 18 EACH MH-47G REMAN/SLEP AIRCRAFT, PROVIDE LOGISTICS SUPPORT TO FOR THE TAPO CONTRACTED LOT 4, LOT 5, AND LOT 6 BLOCK II.","LEXINGTON, FAYETTE, KY, UNITED STATES",H9225421F2509,H9225421F2509,USAspending,https://www.usaspending.gov/award/CONT_AWD_H9225421F2509_9700_H9225417D0001_9700/
moco-be83f300e8d644c0,2026-06-24,2026-06-24,Lockheed Martin,Bethesda,verified,842871672.0,Department of Defense,Missile Defense Agency,Space / Satellite,AWARD FOR THE THAAD MAC MULTI-YEAR PRODUCTION CONTRACT FY26-32,"GRAND PRAIRIE, DALLAS, TX, UNITED STATES",HQ085326CE003,HQ085326CE003,USAspending,https://www.usaspending.gov/award/CONT_AWD_HQ085326CE003_9700_-NONE-_-NONE-/
moco-b452f0e3f64fd35e,2026-06-24,2026-06-24,Lockheed Martin,Bethesda,verified,21558.0,Department of Defense,Department of the Navy,Defense Technology,CIRCUIT CARD ASSEMB,"MANASSAS, PRINCE WILLIAM, VA, UNITED STATES",N0010426FCU0U,N0010426FCU0U,USAspending,https://www.usaspending.gov/award/CONT_AWD_N0010426FCU0U_9700_N0010425GCU01_9700/
moco-9edec3cd48c1d8ba,2026-06-24,2026-06-24,Lockheed Martin,Bethesda,verified,821.15,Department of Defense,Defense Logistics Agency,Defense,"8512115636!TUBE ASSEMBLY,METAL","FORT WORTH, TARRANT, TX, UNITED STATES",SPE7M126F3484,SPE7M126F3484,USAspending,https://www.usaspending.gov/award/CONT_AWD_SPE7M126F3484_9700_SPE4A123G0023_9700/
moco-9d768053c34c1294,2026-06-24,2026-06-24,Lockheed Martin,Bethesda,verified,41209801.0,Department of Defense,Department of the Navy,Defense,INCREMENTAL FUNDING FOR FLIGHT SCIENCE AIRCRAFT PARTS,"FORT WORTH, TARRANT, TX, UNITED STATES",N0001923C0003,N0001923C0003,USAspending,https://www.usaspending.gov/award/CONT_AWD_N0001923C0003_9700_-NONE-_-NONE-/
moco-8dc832ef72a878ab,2026-06-24,2026-06-24,Lockheed Martin,Bethesda,verified,32934.6,Department of Defense,Defense Logistics Agency,Defense,"8512201293!CAP,TUBE","ORLANDO, ORANGE, FL, UNITED STATES",SPE4A226F6598,SPE4A226F6598,USAspending,https://www.usaspending.gov/award/CONT_AWD_SPE4A226F6598_9700_SPE4AX25D5000_9700/
moco-81a08aeeeca1a5b1,2026-06-24,2026-06-24,Abt Global,Rockville,strong,134763.8,Department of Energy,Department of Energy,Professional Services,"THE PURPOSE OF THIS MODIFICATION IS TO EXERCISE OPTION PERIOD 1 AND OBLIGATE $134,763.80 IN FUNDING AND ADJUST THE LABOR MIX AT THE CONTRACTORS REQUEST. THE OBLIGATION OF THE CONTRACT HAS INCREASED FROM $159,052.50 TO $293,816.30 AND UPDATE THE PO","RICHLAND, BENTON, WA, UNITED STATES",89303925FEM000372,89303925FEM000372,USAspending,https://www.usaspending.gov/award/CONT_AWD_89303925FEM000372_8900_89303924AEM000031_8900/
moco-8040f92ec1eb68bc,2026-06-24,2026-06-24,Lockheed Martin,Bethesda,verified,-192174.91,Department of Health and Human Services,Office of the Assistant Secretary for Administration,Other,FY26 UDO INITIATIVE,"BETHESDA, MONTGOMERY, MD, UNITED STATES",HHSP233201400011C,HHSP233201400011C,USAspending,https://www.usaspending.gov/award/CONT_AWD_HHSP233201400011C_7555_-NONE-_-NONE-/
moco-7abe5084ffc04722,2026-06-24,2026-06-24,Lockheed Martin,Bethesda,verified,8051210.0,Department of Defense,Department of the Air Force,Defense,COMPREHENSIVE F-22 AIR VEHICLE SUSTAINMENT SERVICES. FUNDING ONLY MODIFICATION.,"FORT WORTH, TARRANT, TX, UNITED STATES",FA820523F0501,FA820523F0501,USAspending,https://www.usaspending.gov/award/CONT_AWD_FA820523F0501_9700_FA820518D0001_9700/
moco-6d0a93f66048ef65,2026-06-24,2026-06-24,Lockheed Martin,Bethesda,verified,559727.0,Department of Defense,Department of the Navy,Defense,BLOCK 2 INITIAL ENGINEERING SERVICES,"LIVERPOOL, ONONDAGA, NY, UNITED STATES",N0016426FW010,N0016426FW010,USAspending,https://www.usaspending.gov/award/CONT_AWD_N0016426FW010_9700_N0016426DWM41_9700/
moco-69b3503b9cebbda4,2026-06-24,2026-06-24,Lockheed Martin,Bethesda,verified,6719.3,Department of Defense,Defense Logistics Agency,Defense,"8512186533!NUT,SELF-LOCKING,SP","FORT WORTH, TARRANT, TX, UNITED STATES",SPE7M126F4035,SPE7M126F4035,USAspending,https://www.usaspending.gov/award/CONT_AWD_SPE7M126F4035_9700_SPE4A123G0023_9700/
moco-689c7f61f78e00fa,2026-06-24,2026-06-24,Lockheed Martin,Bethesda,verified,4800.0,Department of Defense,U.S. Special Operations Command,Defense,SPEAR LCSM - MD,"LEXINGTON, FAYETTE, KY, UNITED STATES",H9225426FE016,H9225426FE016,USAspending,https://www.usaspending.gov/award/CONT_AWD_H9225426FE016_9700_H9225417D0001_9700/
moco-56dae67bf39ac92c,2026-06-24,2026-06-24,Lockheed Martin,Bethesda,verified,72235.0,Department of Defense,Department of the Navy,Defense,"THE PURPOSE OF THIS MODIFICATION IS TO SUPPORT THE MGB SUMP SAVER EFFORT BY: 1) INCREASING THE CEILING AND FUNDING ON CONTRACT LINE ITEM NUMBER (CLIN) 0001, AND 2) ESTABLISHING AND FUNDING CLINS 1003 THROUGH 1011.","OWEGO, TIOGA, NY, UNITED STATES",N0001925F0100,N0001925F0100,USAspending,https://www.usaspending.gov/award/CONT_AWD_N0001925F0100_9700_N0001924D0106_9700/
moco-4b7d2449ead8166e,2026-06-24,2026-06-24,Lockheed Martin,Bethesda,verified,-18055.27,Department of Defense,Department of the Army,Space / Satellite,TRANSFER GFE AND CDC ITEMS,"OWEGO, TIOGA, NY, UNITED STATES",W58RGZ13C0082,W58RGZ13C0082,USAspending,https://www.usaspending.gov/award/CONT_AWD_W58RGZ13C0082_9700_-NONE-_-NONE-/
moco-46449e363b02e0c7,2026-06-24,2026-06-24,Lockheed Martin,Bethesda,verified,-190117.07,Department of Defense,Department of the Navy,Defense Technology,ITT-1 TERCS,"ORLANDO, ORANGE, FL, UNITED STATES",N6134024F0083,N6134024F0083,USAspending,https://www.usaspending.gov/award/CONT_AWD_N6134024F0083_9700_N6134023D0007_9700/
moco-444775d1bff64905,2026-06-24,2026-06-24,Lockheed Martin,Bethesda,verified,3569654.0,Department of Defense,Department of the Navy,Space / Satellite,"THIS MODIFICATION INCLUDES TOTAL FUNDING ACTIONS OF $3,569,654 FOR THE TRIDENT D5 II PROGRAM UNDER CLIN 0081 INCREMENTAL FUNDS FOR RESEARCH, DEVELOPMENT, TEST, AND EVALUATION (RDT&E) AND CLIN 0008 VARIANCE FOR WEAPONS PROCUREMENT, NAVY (WPN).","TITUSVILLE, BREVARD, FL, UNITED STATES",N0003024C0100,N0003024C0100,USAspending,https://www.usaspending.gov/award/CONT_AWD_N0003024C0100_9700_-NONE-_-NONE-/
moco-4318924888390789,2026-06-24,2026-06-24,Lockheed Martin,Bethesda,verified,428081.0,Department of Defense,Department of the Army,Defense,THE CONTRACT IS FOR PATRIOT ADVANCED CAPABILITIES-3 (PAC-3) MISSILE SUPPORT CENTER (P3MSC) FOR THE UNITED STATES AND FOREIGN MILITARY SALES (FMS) CUSTOMERS.,"GRAND PRAIRIE, DALLAS, TX, UNITED STATES",W31P4Q24F0015,W31P4Q24F0015,USAspending,https://www.usaspending.gov/award/CONT_AWD_W31P4Q24F0015_9700_W31P4Q22G0003_9700/
moco-392e76eae8395203,2026-06-24,2026-06-24,Lockheed Martin,Bethesda,verified,242660.0,Department of Defense,Department of the Navy,Space / Satellite,FUNDING ONLY TO ADD CLIN 0102,"KING OF PRUSSIA, MONTGOMERY, PA, UNITED STATES",N0001925F0175,N0001925F0175,USAspending,https://www.usaspending.gov/award/CONT_AWD_N0001925F0175_9700_N0001925D0009_9700/
moco-37ffa7bd32b1dac3,2026-06-24,2026-06-24,Lockheed Martin,Bethesda,verified,0.0,Department of Defense,Department of the Army,Space / Satellite,GUIDED MULTIPLE LAUNCH ROCKET SYSTEM (GMLRS) AND LOW COST REDUCED RANGE PRACTICE ROCKET (LCRRPR) FY27 FULL RATE PRODUCTION LOT 22 DELIVERY ORDER.,"GRAND PRAIRIE, DALLAS, TX, UNITED STATES",W31P4Q26F0024,W31P4Q26F0024,USAspending,https://www.usaspending.gov/award/CONT_AWD_W31P4Q26F0024_9700_W31P4Q23D0003_9700/
moco-165ddd2d0352cdc5,2026-06-24,2026-06-24,Lockheed Martin,Bethesda,verified,-68288.26,Department of Defense,Department of the Navy,Defense,"NSN: 7HH 6130 016865429        0001AA: 1 EA, DEFINITIZED. ITEM NM: SENSOR POWER DRAWER REF NO: N150029-1","MANASSAS, PRINCE WILLIAM, VA, UNITED STATES",N0010426PYA83,N0010426PYA83,USAspending,https://www.usaspending.gov/award/CONT_AWD_N0010426PYA83_9700_-NONE-_-NONE-/
moco-09246b081c590edb,2026-06-24,2026-06-24,Lockheed Martin,Bethesda,verified,275000000.0,Department of Defense,Missile Defense Agency,Defense,NEXT GENERATION MISSILE DEFENSE RADAR,"MOORESTOWN, BURLINGTON, NJ, UNITED STATES",HQ085126FE030,HQ085126FE030,USAspending,https://www.usaspending.gov/award/CONT_AWD_HQ085126FE030_9700_HQ085926DE002_9700/
moco-f653da758462088a,2026-06-23,2026-06-23,Lockheed Martin,Bethesda,verified,173.91,Department of Defense,Defense Logistics Agency,Defense,"8512197774!SCREW,CLOSE TOLERAN","ORLANDO, ORANGE, FL, UNITED STATES",SPE4A226F6566,SPE4A226F6566,USAspending,https://www.usaspending.gov/award/CONT_AWD_SPE4A226F6566_9700_SPE4AX25D5000_9700/
moco-c1b0e4f2565eba77,2026-06-23,2026-06-23,Lockheed Martin,Bethesda,verified,1127.72,Department of Defense,Defense Logistics Agency,Defense,8512197772!PIN-RIVET,"ORLANDO, ORANGE, FL, UNITED STATES",SPE4A226F6564,SPE4A226F6564,USAspending,https://www.usaspending.gov/award/CONT_AWD_SPE4A226F6564_9700_SPE4AX25D5000_9700/
moco-bd77a59750e08274,2026-06-23,2026-06-23,Hughes Network Systems,Germantown,strong,8580.24,Department of the Interior,Bureau of Reclamation,Space / Satellite,EO 14398 ADD FAR 52.222-90 & EXERCISE OPTION YEAR 3 - CVOO SATELLITE BROADBAND SERVICES,"SACRAMENTO, CA, UNITED STATES",140R2023F0089,140R2023F0089,USAspending,https://www.usaspending.gov/award/CONT_AWD_140R2023F0089_1425_GS35F0907P_4730/
moco-ba902bab8066e76f,2026-06-23,2026-06-23,Lockheed Martin,Bethesda,verified,2966554.84,Department of Defense,Department of the Navy,Defense,ENGINEERING SERVICES,"ORLANDO, ORANGE, FL, UNITED STATES",N6134026F0044,N6134026F0044,USAspending,https://www.usaspending.gov/award/CONT_AWD_N6134026F0044_9700_N6134026D0002_9700/
moco-b4fbdaa7cb2036d3,2026-06-23,2026-06-23,Lockheed Martin,Bethesda,verified,686961.13,Department of Defense,Department of the Air Force,Defense,F-16 ENTERPRISE FLIGHT TEST SUPPORT,"FORT WORTH, TARRANT, TX, UNITED STATES",FA861525FB001,FA861525FB001,USAspending,https://www.usaspending.gov/award/CONT_AWD_FA861525FB001_9700_FA823222D0004_9700/
moco-a0dbcdd329069cb5,2026-06-23,2026-06-23,Lockheed Martin,Bethesda,verified,542.19,Department of Defense,Defense Logistics Agency,Defense,"8512197775!SCREW,CLOSE TOLERAN","ORLANDO, ORANGE, FL, UNITED STATES",SPE4A226F6567,SPE4A226F6567,USAspending,https://www.usaspending.gov/award/CONT_AWD_SPE4A226F6567_9700_SPE4AX25D5000_9700/
moco-9c559bcbc5c64e6d,2026-06-23,2026-06-23,Abt Global,Rockville,strong,-385311.6,Department of Health and Human Services,Centers for Medicare and Medicaid Services,Professional Services,DEVELOPING QUALITY RATING SYSTEMS,"ROCKVILLE, MONTGOMERY, MD, UNITED STATES",75FCMC18F0064,75FCMC18F0064,USAspending,https://www.usaspending.gov/award/CONT_AWD_75FCMC18F0064_7530_GS00F252CA_4732/
moco-98c49536078b74fa,2026-06-23,2026-06-23,Lockheed Martin,Bethesda,verified,-1100.0,Department of Defense,Department of the Navy,Defense,BID AND PROPOSAL COSTS FOR TACTICAL SYSTEMS INTEGRATION TASK ORDERS AND DELIVERY ORDERS.,"MANASSAS, PRINCE WILLIAM, VA, UNITED STATES",N0016722F0035,N0016722F0035,USAspending,https://www.usaspending.gov/award/CONT_AWD_N0016722F0035_9700_N0016721D0007_9700/
moco-8400dc190834f1c3,2026-06-23,2026-06-23,Lockheed Martin,Bethesda,verified,0.0,Department of Defense,Department of the Army,Space / Satellite,THIS CONTRACT IS FOR PATRIOT ADVANCED CAPABILITIES-3 (PAC-3) MISSILE SUPPORT CENTER (P3MSC) FOR THE UNITED STATES AND FOREIGN MILITARY SALES (FMS) CUSTOMERS.,"GRAND PRAIRIE, DALLAS, TX, UNITED STATES",W31P4Q24F0031,W31P4Q24F0031,USAspending,https://www.usaspending.gov/award/CONT_AWD_W31P4Q24F0031_9700_W31P4Q22D0022_9700/
moco-7f768e4cda719ce7,2026-06-23,2026-06-23,Lockheed Martin,Bethesda,verified,1408.68,Department of Defense,Defense Logistics Agency,Defense,"8512198179!RIVET,BLIND","HAYWARD, ALAMEDA, CA, UNITED STATES",SPE4A226F6569,SPE4A226F6569,USAspending,https://www.usaspending.gov/award/CONT_AWD_SPE4A226F6569_9700_SPE4AX25D5000_9700/
moco-74c218775241bdfc,2026-06-23,2026-06-23,Lockheed Martin,Bethesda,verified,1000000.0,Department of Defense,Department of the Air Force,Defense,F-16 GREECE VIPER UPGRADE PROGRAM,"FORT WORTH, TARRANT, TX, UNITED STATES",FA861519C6050,FA861519C6050,USAspending,https://www.usaspending.gov/award/CONT_AWD_FA861519C6050_9700_-NONE-_-NONE-/
moco-717c83f59a992288,2026-06-23,2026-06-23,Lockheed Martin,Bethesda,verified,1606.88,Department of Defense,Defense Logistics Agency,Defense,8512197773!PIN-RIVET,"ORLANDO, ORANGE, FL, UNITED STATES",SPE4A226F6565,SPE4A226F6565,USAspending,https://www.usaspending.gov/award/CONT_AWD_SPE4A226F6565_9700_SPE4AX25D5000_9700/
moco-6e0d041b80e11575,2026-06-23,2026-06-23,Lockheed Martin,Bethesda,verified,63263427.0,Department of Defense,Department of the Navy,Defense,RMIP,"ARLINGTON, VA, UNITED STATES",N0001926F2192,N0001926F2192,USAspending,https://www.usaspending.gov/award/CONT_AWD_N0001926F2192_9700_N0001926D0010_9700/
moco-5c37359b06674e33,2026-06-23,2026-06-23,Lockheed Martin,Bethesda,verified,138937.0,Department of Defense,Department of the Navy,Defense,ENGINEERING SERVICES,"ORLANDO, ORANGE, FL, UNITED STATES",N6134026F0047,N6134026F0047,USAspending,https://www.usaspending.gov/award/CONT_AWD_N6134026F0047_9700_N6134026D0002_9700/
moco-41745c664ff6d32f,2026-06-23,2026-06-23,Lockheed Martin,Bethesda,verified,10631.1,Department of Defense,Defense Logistics Agency,Defense,8512196162!RECEIVER-TRANSMITTE,"MANASSAS, PRINCE WILLIAM, VA, UNITED STATES",SPE7M126F4167,SPE7M126F4167,USAspending,https://www.usaspending.gov/award/CONT_AWD_SPE7M126F4167_9700_SPE4A123G0017_9700/
moco-4015cc536e22a508,2026-06-23,2026-06-23,Lockheed Martin,Bethesda,verified,3804962.0,Department of Defense,Department of the Navy,Defense,SIMULATION ENHANCEMENT AND MODERNIZATION SUITE,"ORLANDO, ORANGE, FL, UNITED STATES",N0001424C2412,N0001424C2412,USAspending,https://www.usaspending.gov/award/CONT_AWD_N0001424C2412_9700_-NONE-_-NONE-/
moco-310376437e50e38a,2026-06-23,2026-06-23,Lockheed Martin,Bethesda,verified,416416.98,Department of Defense,Department of the Navy,Defense,SYSTEM CONFIGURATION 28 (SC28) PID #: N00019-25-RFPREQ-APM299-0406,"OWEGO, TIOGA, NY, UNITED STATES",N0001926F1033,N0001926F1033,USAspending,https://www.usaspending.gov/award/CONT_AWD_N0001926F1033_9700_N0001923G0002_9700/
moco-29d556edc02c7ee9,2026-06-23,2026-06-23,Lockheed Martin,Bethesda,verified,4435.4,Department of Defense,U.S. Special Operations Command,Defense,TCCC LCSM - IF,"LEXINGTON, FAYETTE, KY, UNITED STATES",H9225426FE017,H9225426FE017,USAspending,https://www.usaspending.gov/award/CONT_AWD_H9225426FE017_9700_H9225417D0001_9700/
moco-22a23e6e82063ffa,2026-06-23,2026-06-23,Lockheed Martin,Bethesda,verified,1882800.0,Department of Defense,Department of the Navy,Defense,INCREMENTAL FUNDING ACTION,"ORLANDO, ORANGE, FL, UNITED STATES",N6134026F0042,N6134026F0042,USAspending,https://www.usaspending.gov/award/CONT_AWD_N6134026F0042_9700_N6134026D0002_9700/
moco-19ac9b0b31056baa,2026-06-23,2026-06-23,Lockheed Martin,Bethesda,verified,839722.0,Department of Defense,Department of the Navy,Defense,ENGINEERING SERVICES,"ORLANDO, ORANGE, FL, UNITED STATES",N6134026F0046,N6134026F0046,USAspending,https://www.usaspending.gov/award/CONT_AWD_N6134026F0046_9700_N6134026D0002_9700/
moco-133ce40f183d3379,2026-06-23,2026-06-23,Lockheed Martin,Bethesda,verified,243053.0,Department of Defense,Department of the Navy,Defense,ENGINEERING SERVICES,"ORLANDO, ORANGE, FL, UNITED STATES",N6134026F0045,N6134026F0045,USAspending,https://www.usaspending.gov/award/CONT_AWD_N6134026F0045_9700_N6134026D0002_9700/
moco-08f35be4df02d28d,2026-06-23,2026-06-23,Lockheed Martin,Bethesda,verified,82785831.0,Department of Defense,Missile Defense Agency,Defense,ATTACHMENT J-13 INCORPORATES COMPLETION CRITERIA FOR ALL COMPLETION CLINS DETAILED IN SECTION B ABOVE.,"MOORESTOWN, BURLINGTON, NJ, UNITED STATES",HQ085121C0001,HQ085121C0001,USAspending,https://www.usaspending.gov/award/CONT_AWD_HQ085121C0001_9700_-NONE-_-NONE-/
moco-01622be139e424f9,2026-06-23,2026-06-23,Abt Global,Rockville,strong,0.0,Department of Energy,Department of Energy,Professional Services,THE PURPOSE OF THIS MODIFICATION IS TO UPDATE THE PROGRAM OFFICIAL TO TASHINA JASSO. ALL OTHER TERMS AND CONDITIONS REMAIN THE SAME.,"RICHLAND, BENTON, WA, UNITED STATES",89303925FEM000370,89303925FEM000370,USAspending,https://www.usaspending.gov/award/CONT_AWD_89303925FEM000370_8900_89303924AEM000031_8900/
moco-b2e527d4e7df1bd3,2026-06-18,2026-06-18,Abt Global,Rockville,strong,0.0,Department of Labor,Office of the Assistant Secretary for Administration and Management,Professional Services,REGULATORY AND ECONOMIC SUPPORT SERVICES FOR THE MINE SAFETY AND HEALTH ADMINISTRATION (MSHA).,"ROCKVILLE, MONTGOMERY, MD, UNITED STATES",1605C426F00011,1605C426F00011,USAspending,https://www.usaspending.gov/award/CONT_AWD_1605C426F00011_1605_1605C223A0002_1605/
moco-e6f6f573fe4acb8e,2026-06-17,2026-06-17,Abt Global,Rockville,strong,180000.0,Environmental Protection Agency,Environmental Protection Agency,Professional Services,PROGRAM SUPPORT FOR EPA SECTOR BASED TRANSITIONS UNDER THE AMERICAN INNOVATION AND MANUFACTURING (AIM) ACT  P00005: EXERCISE OPTION PERIOD 1,"ROCKVILLE, MONTGOMERY, MD, UNITED STATES",68HERH25F0196,68HERH25F0196,USAspending,https://www.usaspending.gov/award/CONT_AWD_68HERH25F0196_6800_68HERH25A0010_6800/
moco-21b920f206e4d96a,2026-06-17,2026-06-17,Abt Global,Rockville,strong,0.0,Department of Housing and Urban Development,Department of Housing and Urban Development,Professional Services,HOUSING CHOICE VOUCHER MOBILITY DEMONSTRATION,"ROCKVILLE, MONTGOMERY, MD, UNITED STATES",86614820F00030,86614820F00030,USAspending,https://www.usaspending.gov/award/CONT_AWD_86614820F00030_8600_GS00F252CA_4732/
moco-91521e4d0e364094,2026-06-11,2026-06-11,Abt Global,Rockville,strong,702951.71,Department of Health and Human Services,Centers for Disease Control and Prevention,Professional Services,ASSESSMENT AND MONITORING OF BREASTFEEDING-RELATED MATERNITY CARE PRACTICES IN US AND TERRITORIAL HOSPITALS,"ROCKVILLE, MONTGOMERY, MD, UNITED STATES",75D30124F19970,75D30124F19970,USAspending,https://www.usaspending.gov/award/CONT_AWD_75D30124F19970_7523_47QRAD20DU131_4732/
moco-a4f4837bae100b05,2026-06-10,2026-06-10,Abt Global,Rockville,strong,0.0,Department of Labor,Office of the Assistant Secretary for Administration and Management,Professional Services,ADD DEI CLAUSE,"WASHINGTON, DISTRICT OF COLUMBIA, DC, UNITED STATES",1605C223F00005,1605C223F00005,USAspending,https://www.usaspending.gov/award/CONT_AWD_1605C223F00005_1605_1605DC18A0037_1605/
moco-643d23468418e56f,2026-06-09,2026-06-09,Abt Global,Rockville,strong,0.0,Department of Health and Human Services,Centers for Disease Control and Prevention,Professional Services,EO 14398,"ROCKVILLE, MONTGOMERY, MD, UNITED STATES",75D30125F20643,75D30125F20643,USAspending,https://www.usaspending.gov/award/CONT_AWD_75D30125F20643_7523_47QRCA25DU356_4732/
moco-5537a61bb4414f94,2026-06-05,2026-06-05,Abt Global,Rockville,strong,0.0,Environmental Protection Agency,Environmental Protection Agency,Professional Services,"THE PURPOSE OF THIS MODIFICATION IS TO CHANGE THE COR/ALT-COR, AND MAKE MINOR ADMINISTRATIVE CHANGES TO THE PWS.","WASHINGTON, DISTRICT OF COLUMBIA, DC, UNITED STATES",68HERH25F0258,68HERH25F0258,USAspending,https://www.usaspending.gov/award/CONT_AWD_68HERH25F0258_6800_68HERH25A0010_6800/
moco-4faafb3b3e6d4296,2026-06-04,2026-06-04,Hughes Network Systems,Germantown,strong,0.0,Department of Defense,Missile Defense Agency,Defense,SCALABLE HOMELAND INNOVATIVE ENTERPRISE LAYERED DEFENSE (SHIELD) INITIAL ORDER.,"HUNTSVILLE, MADISON, AL, UNITED STATES",HQ085926FG449,HQ085926FG449,USAspending,https://www.usaspending.gov/award/CONT_AWD_HQ085926FG449_9700_HQ085926DG308_9700/
moco-bf58b9f4f9e942aa,2026-06-01,2026-06-01,Abt Global,Rockville,strong,555276.5,Department of Health and Human Services,Office of the Assistant Secretary for Financial Resources,Professional Services,"USPSTF SCIENTIFIC RESOURCE CENTER - TO EXTEND THE POP FROM JULY 1, 2026, TO DECEMBER 31,2026","CAMBRIDGE, MIDDLESEX, MA, UNITED STATES",75Q80121C00001,75Q80121C00001,USAspending,https://www.usaspending.gov/award/CONT_AWD_75Q80121C00001_7528_-NONE-_-NONE-/
moco-1f4beb43f0033bfe,2026-06-01,2026-06-01,Abt Global,Rockville,strong,142000.0,Environmental Protection Agency,Environmental Protection Agency,Professional Services,"F999 - PREPARATION OF CONSUMER, GENERAL POPULATION, AND ENVIRONMENTAL EXPOSURE ASSESSMENTS FOR NEW CHEMICALS PROGRAM (NEW CHEMICALS DIVISION - NCD)","ROCKVILLE, MONTGOMERY, MD, UNITED STATES",68HERC23F0329,68HERC23F0329,USAspending,https://www.usaspending.gov/award/CONT_AWD_68HERC23F0329_6800_68HERC23D0004_6800/
moco-c143ffdd678eceb8,2026-05-27,2026-05-27,Abt Global,Rockville,strong,-201571.21,Department of Health and Human Services,Centers for Disease Control and Prevention,Professional Services,MSM TESTING INITIATIVE,"BETHESDA, MONTGOMERY, MD, UNITED STATES",HHSD200201141819C,HHSD200201141819C,USAspending,https://www.usaspending.gov/award/CONT_AWD_HHSD200201141819C_7523_-NONE-_-NONE-/
moco-5125ae621ccaf96e,2026-05-26,2026-05-26,Abt Global,Rockville,strong,-30.0,Department of Health and Human Services,Centers for Disease Control and Prevention,Professional Services,UNDERSTANDING CHRONI PAIN MGMT INCLUDING OPIOID PRESCRIBING,"CAMBRIDGE, MIDDLESEX, MA, UNITED STATES",75D30119F06485,75D30119F06485,USAspending,https://www.usaspending.gov/award/CONT_AWD_75D30119F06485_7523_HHSD2002013M53890B_7523/
moco-2fdb3bb7be56d3de,2026-05-21,2026-05-21,Abt Global,Rockville,strong,0.0,Department of Labor,Office of the Assistant Secretary for Administration and Management,Professional Services,P00010: EXECUTIVE ORDER (E.O.) 14398 - INCORPORATE DEI CLAUSE  CLEARINGHOUSE FOR LABOR EVALUATION AND RESEARCH (CLEAR),"WASHINGTON, DISTRICT OF COLUMBIA, DC, UNITED STATES",1605C221F00024,1605C221F00024,USAspending,https://www.usaspending.gov/award/CONT_AWD_1605C221F00024_1605_1605DC18A0037_1605/
moco-b5b5064f39ba02cb,2026-05-19,2026-05-19,Abt Global,Rockville,strong,0.0,Department of Labor,Office of the Assistant Secretary for Administration and Management,Professional Services,P00004: EXECUTIVE ORDER (E.O.) 14398 - ADDRESSING DEI DISCRIMINATION BY FEDERAL CONTRACTORS  EMPLOYMENT TRANSITION MODEL DEMONSTRATION GRANTS - CHANGE THE NAME OF ITS EQUITABLE TRANSITION MODEL (ETM) DEMONSTRATION GRANTS TO THE EMPLOYMENT TRANSITIO,"WASHINGTON, DISTRICT OF COLUMBIA, DC, UNITED STATES",1605C223F00028,1605C223F00028,USAspending,https://www.usaspending.gov/award/CONT_AWD_1605C223F00028_1605_1605DC18A0037_1605/
moco-d37e3fdde6d5d26d,2026-05-18,2026-05-18,Abt Global,Rockville,strong,99000.0,Environmental Protection Agency,Environmental Protection Agency,Professional Services,R499 - REGULATORY AND GUIDEME SUPPORT FOR DATA COLLECTION BRANCH,"ROCKVILLE, MONTGOMERY, MD, UNITED STATES",68HERC24F0162,68HERC24F0162,USAspending,https://www.usaspending.gov/award/CONT_AWD_68HERC24F0162_6800_68HERC23D0004_6800/
moco-22b00e937c5f2003,2026-05-18,2026-05-18,Abt Global,Rockville,strong,96644.17,Environmental Protection Agency,Environmental Protection Agency,Professional Services,OLEM LARGE MISSION SUPPORT CALL ORDER TITLE: INLAND REGIONAL AND AREA CONTINGENCY PLANNING WORKGROUP SUPPORT.  P0004: EXERCISE OPTION PERIOD 1 AND UPDATE ALT COR,"ROCKVILLE, MONTGOMERY, MD, UNITED STATES",68HERH25F0252,68HERH25F0252,USAspending,https://www.usaspending.gov/award/CONT_AWD_68HERH25F0252_6800_68HE0P24A0003_6800/
moco-9a4fd556e9ee32fe,2026-05-08,2026-05-08,Abt Global,Rockville,strong,0.0,Environmental Protection Agency,Environmental Protection Agency,Professional Services,P00023: THE PURPOSE OF THIS MODIFICATION IS TO CHANGE THE ULTIMATE COMPLETION DATE.  ALL OTHER TERMS AND CONDITIONS OF THE CONTRACT REMAIN THE SAME.,"WASHINGTON, DISTRICT OF COLUMBIA, DC, UNITED STATES",68HERH23F0267,68HERH23F0267,USAspending,https://www.usaspending.gov/award/CONT_AWD_68HERH23F0267_6800_68HERH22A0018_6800/
moco-1994e4eb48dd50d8,2026-05-08,2026-05-08,Abt Global,Rockville,strong,16700000.0,Agency for International Development,Agency for International Development,Professional Services,PREVENTION OF MALARIA THROUGH VECTOR CONTROL (PMI EVOLVE),"ROCKVILLE, MONTGOMERY, MD, UNITED STATES",7200AA23C00012,7200AA23C00012,USAspending,https://www.usaspending.gov/award/CONT_AWD_7200AA23C00012_7200_-NONE-_-NONE-/
moco-bfd44c3e769d1b8f,2026-05-06,2026-05-06,Abt Global,Rockville,strong,-2336.04,Environmental Protection Agency,Environmental Protection Agency,Professional Services,"RESEARCH, ANALYSIS AND PROGRAM SUPPORT FOR EPA'S STATE LOCAL CLEAN ENERGY PROGRAM  MODIFICATION 5 DE-OBLIGATION","CAMBRIDGE, MIDDLESEX, MA, UNITED STATES",68HERH19F0266,68HERH19F0266,USAspending,https://www.usaspending.gov/award/CONT_AWD_68HERH19F0266_6800_EPBPA17H0012_6800/
moco-89c9cab9edde18c9,2026-05-06,2026-05-06,Hughes Network Systems,Germantown,strong,151125.0,Department of Defense,Department of the Navy,Space / Satellite,THE USNO REQUIRES A MAXIMUM OF 5.0 MHZ OF KU-BAND SPACE (BANDWIDTH) ON THE SATELLITE USAGE IN SUPPORT OF THE TWO-WAY SATELLITE TIME TRANSFER (TWSTT) PROGRAM.,"WASHINGTON, DISTRICT OF COLUMBIA, DC, UNITED STATES",N0018924F0499,N0018924F0499,USAspending,https://www.usaspending.gov/award/CONT_AWD_N0018924F0499_9700_GS35F0907P_4730/
moco-5ef9738561bd8340,2026-05-05,2026-05-05,Abt Global,Rockville,strong,0.0,Environmental Protection Agency,Environmental Protection Agency,Professional Services,"P00001: THE PURPOSE OF THIS MODIFICATION IS TO CORRECT THE CURRENT COMPLETION DATE TO REFLECT THE BASE PERIOD OF PERFORMANCE, OCTOBER 27, 2025 THROUGH OCTOBER 26, 2026.","ROCKVILLE, MONTGOMERY, MD, UNITED STATES",68HERH26F0016,68HERH26F0016,USAspending,https://www.usaspending.gov/award/CONT_AWD_68HERH26F0016_6800_68HERH25A0010_6800/
moco-651fed5df8d772a7,2026-05-01,2026-05-01,Abt Global,Rockville,strong,80000.0,Environmental Protection Agency,Environmental Protection Agency,Professional Services,SW-846 METHODS SUPPORT FOR ORCR MISSION SUPPORT BRIDGE BPA FOR EXPIRED CONTRACT EP-W-10-054/TO 68HERH21F0183/ABT.  P00006: OBLIGATE FUNDING IN THE AMOUNT OF $80K TO OPTION PERIOD 2 (CLIN 0003),"ROCKVILLE, MONTGOMERY, MD, UNITED STATES",68HERH24F0241,68HERH24F0241,USAspending,https://www.usaspending.gov/award/CONT_AWD_68HERH24F0241_6800_68HERH24A0013_6800/
moco-551d5578eb43875a,2026-04-30,2026-04-30,Abt Global,Rockville,strong,-65390.86,Department of Health and Human Services,Office of the Assistant Secretary for Administration,Professional Services,FY26 UDO INITIATIVE,"CAMBRIDGE, MIDDLESEX, MA, UNITED STATES",HHSP23337007T,HHSP23337007T,USAspending,https://www.usaspending.gov/award/CONT_AWD_HHSP23337007T_7570_HHSP233201500069I_7555/
moco-4f23f3a9525d61c6,2026-04-30,2026-04-30,Abt Global,Rockville,strong,-19603.0,Department of Housing and Urban Development,Department of Housing and Urban Development,Professional Services,DEOBLIGATION - IWISH-2020,"ROCKVILLE, MONTGOMERY, MD, UNITED STATES",86614620F00011,86614620F00011,USAspending,https://www.usaspending.gov/award/CONT_AWD_86614620F00011_8600_GS00F252CA_4732/
moco-c08510f501a129dd,2026-04-28,2026-04-28,Abt Global,Rockville,strong,0.0,Department of Defense,Department of the Navy,Defense,NHRC MILITARY RESEARCH FAMILY SERVICES,"ROCKVILLE, MONTGOMERY, MD, UNITED STATES",N0018925CZ059,N0018925CZ059,USAspending,https://www.usaspending.gov/award/CONT_AWD_N0018925CZ059_9700_-NONE-_-NONE-/
moco-dbb257ae941bdcd4,2026-04-24,2026-04-24,Abt Global,Rockville,strong,924402.0,Department of Health and Human Services,National Institutes of Health,Software / IT,"OPERATIONS & MAINTENANCE (O&M), SOFTWARE ENHANCEMENTS, AND OTHER IT & ANALYTICAL SUPPORT FOR THE DIETARY SUPPLEMENT LABEL DATABASE (DSLD) AND THE DIETARY SUPPLEMENT INGREDIENT DATABASE (DSID)","ROCKVILLE, MONTGOMERY, MD, UNITED STATES",75N98022F00002,75N98022F00002,USAspending,https://www.usaspending.gov/award/CONT_AWD_75N98022F00002_7529_75N98022A00037_7529/
moco-97474c310234ccb0,2026-04-22,2026-04-22,Abt Global,Rockville,strong,-598.53,Environmental Protection Agency,Environmental Protection Agency,Professional Services,THE PURPOSE OF THIS MODIFICATION IS TO DE-OBLIGATE FUNDING IN THE AMOUNT OF $598.53.  SUPPORT FOR CLIMATE SCIENCE AND IMPACTS BRANCH,"WASHINGTON, DISTRICT OF COLUMBIA, DC, UNITED STATES",68HERH24F0240,68HERH24F0240,USAspending,https://www.usaspending.gov/award/CONT_AWD_68HERH24F0240_6800_68HERH19D0027_6800/
moco-22ea9309c41cc482,2026-04-08,2026-04-08,Abt Global,Rockville,strong,1349169.0,Department of Health and Human Services,Health Resources and Services Administration,Professional Services,HAB86 C 7255 HAB DATA STANDARDIZATION & OPEN-SOURCE SHARING,"ROCKVILLE, MONTGOMERY, MD, UNITED STATES",75R60226F34002,75R60226F34002,USAspending,https://www.usaspending.gov/award/CONT_AWD_75R60226F34002_7526_75R60224D00005_7526/
moco-375cead011d9c828,2026-04-01,2026-04-01,Abt Global,Rockville,strong,-0.38,Department of Health and Human Services,Office of the Assistant Secretary for Administration,Professional Services,OTHER FUNCTIONS IN SUPPORT OF HOMELESS FAMILIES RESEARCH BRIEFS 09/26/2014 TO 05/01/2017,"CAMBRIDGE, MIDDLESEX, MA, UNITED STATES",HHSP23337021T,HHSP23337021T,USAspending,https://www.usaspending.gov/award/CONT_AWD_HHSP23337021T_7555_HHSP23320095624WC_7555/
moco-da8bb0391e5fd545,2026-03-30,2026-03-30,Abt Global,Rockville,strong,0.0,Department of the Interior,Departmental Offices,Professional Services,ALL OTHER TERMS AND CONDITIONS REMAIN UNCHANGED.,"ROCKVILLE, MONTGOMERY, MD, UNITED STATES",140D0421F0731,140D0421F0731,USAspending,https://www.usaspending.gov/award/CONT_AWD_140D0421F0731_1406_GS00F252CA_4732/
moco-16180a3f63b837fe,2026-03-26,2026-03-26,Hughes Network Systems,Germantown,strong,26058.51,Department of Homeland Security,Federal Emergency Management Agency,Space / Satellite,THE PURPOSE OF THIS MODIFICATION IS TO EXERCISE OPTION 1 TO CONTINUE TO PROVIDE REDUNDANT SATELLITE COMMUNICATION SERVICES IN SUPPORT OF DISASTER RECOVERY EFFORTS FOR DR-4340-VI,"CHRISTIANSTED, SAINT CROIX, VI, UNITED STATES",70FBR226F00000007,70FBR226F00000007,USAspending,https://www.usaspending.gov/award/CONT_AWD_70FBR226F00000007_7022_47QTCA24D007K_4732/
moco-8088a216631b082a,2026-03-25,2026-03-25,Abt Global,Rockville,strong,-78268.11,Environmental Protection Agency,Environmental Protection Agency,Professional Services,P00017: THE PURPOSE OF THIS MODIFICATION IS TO DE-OBLIGATE FUNDS.,"WASHINGTON, DISTRICT OF COLUMBIA, DC, UNITED STATES",68HERH22F0223,68HERH22F0223,USAspending,https://www.usaspending.gov/award/CONT_AWD_68HERH22F0223_6800_68HERH19D0027_6800/
moco-9a18f9e24e71632a,2026-03-18,2026-03-18,Abt Global,Rockville,strong,-5827.96,Environmental Protection Agency,Environmental Protection Agency,Professional Services,THE PURPOSE OF THIS MODIFICATION IS TO DEOBLIGATE FUNDS.,"WASHINGTON, DISTRICT OF COLUMBIA, DC, UNITED STATES",68HERH25F0101,68HERH25F0101,USAspending,https://www.usaspending.gov/award/CONT_AWD_68HERH25F0101_6800_68HERH19D0027_6800/
moco-acce8bbc5f9929b9,2026-03-11,2026-03-11,Abt Global,Rockville,strong,746247.63,Department of Health and Human Services,Office of the Assistant Secretary for Financial Resources,Professional Services,THE RHY IS ADMINISTERED BY THE FAMILY AND YOUTH SERVICES BUREAU (FYSB) AND THIS PROGRAM SERVES AS THE NATIONAL LEADER FOR THE PROVISION OF SHELTER AND SUPPORTIVE SERVICES TO UNACCOMPANIED HOMELESS YOUTH.,"WASHINGTON, DISTRICT OF COLUMBIA, DC, UNITED STATES",75ACF125F80012,75ACF125F80012,USAspending,https://www.usaspending.gov/award/CONT_AWD_75ACF125F80012_7590_GS00F252CA_4732/
moco-f307f1f483c68db9,2026-03-05,2026-03-05,Abt Global,Rockville,strong,-91881.36,Environmental Protection Agency,Environmental Protection Agency,Professional Services,THE PURPOSE OF THIS MODIFICATION IS TO DEOBLIGATE FUNDS.,"WASHINGTON, DISTRICT OF COLUMBIA, DC, UNITED STATES",68HERH23F0342,68HERH23F0342,USAspending,https://www.usaspending.gov/award/CONT_AWD_68HERH23F0342_6800_68HERH19D0027_6800/
moco-9bc4ff11b4986506,2026-03-05,2026-03-05,Abt Global,Rockville,strong,99780.29,Department of Health and Human Services,Health Resources and Services Administration,Professional Services,4CAST ID: MCHB62 C 7552 TITLE: HEMOGLOBINOPATHIES NATIONAL COORDINATING CENTER. AWARD TYPE: FIRM FIXED PRICE,"ROCKVILLE, MONTGOMERY, MD, UNITED STATES",75R60221F34004,75R60221F34004,USAspending,https://www.usaspending.gov/award/CONT_AWD_75R60221F34004_7526_75R60219D00038_7526/
moco-afa7e8b5d6b467f5,2026-02-20,2026-02-20,Abt Global,Rockville,strong,0.0,Department of Housing and Urban Development,Department of Housing and Urban Development,Professional Services,IWISH EVALUATION CONTINUATION,"ROCKVILLE, MONTGOMERY, MD, UNITED STATES",86614621F00015,86614621F00015,USAspending,https://www.usaspending.gov/award/CONT_AWD_86614621F00015_8600_GS00F252CA_4732/
moco-c4fb41773a4c3133,2026-02-17,2026-02-17,Abt Global,Rockville,strong,-191.19,Department of the Interior,Departmental Offices,Professional Services,DESIGNING A PILOT TO MEASURE THE IMPACT OF RESTRICTING SNAP PURCHASES - FFP,"ROCKVILLE, MONTGOMERY, MD, UNITED STATES",140D0423F1138,140D0423F1138,USAspending,https://www.usaspending.gov/award/CONT_AWD_140D0423F1138_1406_GS00F252CA_4732/
moco-330aaac87f38776b,2026-02-13,2026-02-13,Abt Global,Rockville,strong,-505499.41,Environmental Protection Agency,Environmental Protection Agency,Professional Services,THE PURPOSE OF THIS MODIFICATION IS TO DEOBLIGATE FUNDS.,"WASHINGTON, DISTRICT OF COLUMBIA, DC, UNITED STATES",68HERH24F0179,68HERH24F0179,USAspending,https://www.usaspending.gov/award/CONT_AWD_68HERH24F0179_6800_68HERH19D0027_6800/
moco-372b0fbe687b74be,2026-02-11,2026-02-11,Abt Global,Rockville,strong,275000.0,Environmental Protection Agency,Environmental Protection Agency,Professional Services,"F103- TECHNICAL SUPPORT FOR ANALYSIS OF ECONOMICS, OCCURRENCE, AND TREATMENT OF PERCHLORATE TO INFORM THE DEVELOPMENT OF A NATIONAL PRIMARY DRINKING WATER REGULATION (NPDWR) FOR PERCHLORATE","ROCKVILLE, MONTGOMERY, MD, UNITED STATES",68HERW26F0011,68HERW26F0011,USAspending,https://www.usaspending.gov/award/CONT_AWD_68HERW26F0011_6800_68HERC24A0002_6800/
moco-286bdc895dce9b60,2026-02-02,2026-02-02,Abt Global,Rockville,strong,89768.34,Department of Defense,Department of the Army,Defense,"IWR - CORPS WATER INFRASTRUCTURE FINANCE PROGRAM SUPPORT. OUTREACH, ACCOUNTING, PROJECT AND BORROWER ELIGIBILITY SCREENING, FCRA COMPLIANCE, AND RELATED EFFORTS NECESSARY FOR SUCCESSFUL IMPLEMENTATION OF THE FEDERAL CREDIT PROGRAM TO IMPLEMENT CWIFP.","ROCKVILLE, MONTGOMERY, MD, UNITED STATES",W912HQ22F0239,W912HQ22F0239,USAspending,https://www.usaspending.gov/award/CONT_AWD_W912HQ22F0239_9700_W912HQ22D0002_9700/
moco-ad77aa13efe9ccc9,2026-01-30,2026-01-30,Hughes Network Systems,Germantown,strong,324000.0,Department of Veterans Affairs,Department of Veterans Affairs,Space / Satellite,GSA MODIFICATION TO EXERCISE OPTION PERIOD 4 FOR VAKN SATELLITE UPLINK TRANSPONDER BANDWIDTH,"GERMANTOWN, MONTGOMERY, MD, UNITED STATES",36C10B22F0063,36C10B22F0063,USAspending,https://www.usaspending.gov/award/CONT_AWD_36C10B22F0063_3600_GS35F0907P_4730/
moco-6a3b6f64e2b998dd,2026-01-30,2026-01-30,Hughes Network Systems,Germantown,strong,132841.0,Department of Defense,Department of the Air Force,Defense Technology,SPACE DATA NETWORKING EXPERIMENTATION (SDNX) - HUGHES,"GERMANTOWN, MONTGOMERY, MD, UNITED STATES",FA945325CX059,FA945325CX059,USAspending,https://www.usaspending.gov/award/CONT_AWD_FA945325CX059_9700_-NONE-_-NONE-/
moco-7b292dce5bba765c,2026-01-28,2026-01-28,Abt Global,Rockville,strong,0.0,Department of Health and Human Services,Centers for Disease Control and Prevention,Professional Services,LAB COORDINATION,"CAMBRIDGE, MIDDLESEX, MA, UNITED STATES",75D30123C17464,75D30123C17464,USAspending,https://www.usaspending.gov/award/CONT_AWD_75D30123C17464_7523_-NONE-_-NONE-/
moco-c28b1085bc1aca1f,2026-01-20,2026-01-20,Abt Global,Rockville,strong,-101914.98,Environmental Protection Agency,Environmental Protection Agency,Professional Services,THE PURPOSE OF THIS MODIFICATION IS TO DEOBLIGATE FUNDS.,"WASHINGTON, DISTRICT OF COLUMBIA, DC, UNITED STATES",68HERH23F0005,68HERH23F0005,USAspending,https://www.usaspending.gov/award/CONT_AWD_68HERH23F0005_6800_68HERH19D0027_6800/
moco-7dd5b3ca002cb314,2026-01-15,2026-01-15,Hughes Network Systems,Germantown,strong,-138627.24,Department of Homeland Security,Federal Emergency Management Agency,Software / IT,"THE PURPOSE OF THIS ADMINISTRATIVE MODIFICATION IS TO DE-OBLIGATE EXCESS FUNDS IN THE AMOUNT OF $138,627.24 FROM CLIN 0001.","THOMASVILLE, GRADY, GA, UNITED STATES",70FA5019F00000001,70FA5019F00000001,USAspending,https://www.usaspending.gov/award/CONT_AWD_70FA5019F00000001_7022_GS35F0907P_4730/
moco-84c64d60c630e5d4,2026-01-14,2026-01-14,Abt Global,Rockville,strong,0.0,Environmental Protection Agency,Environmental Protection Agency,Professional Services,"FURTHER DEVELOPMENT AND IMPLEMENTATION OF THE SOLID WASTE MANAGEMENT TOOLKIT. P00004: EXTEND THE BPA CALL ORDER END DATE TO FEBRUARY 28, 2026 AT NO INCREASE IN THE CALL ORDER CEILING PURSUANT TO THE AUTHORITY OF FAR 52.216-22(D) OF THE GSA SCHEDULE","ROCKVILLE, MONTGOMERY, MD, UNITED STATES",68HERH25F0053,68HERH25F0053,USAspending,https://www.usaspending.gov/award/CONT_AWD_68HERH25F0053_6800_68HERH24A0013_6800/
moco-3e98e40e5a883f9d,2026-01-12,2026-01-12,Abt Global,Rockville,strong,0.0,Department of Housing and Urban Development,Department of Housing and Urban Development,Professional Services,FAMILY OPTIONS STUDY,"ROCKVILLE, MONTGOMERY, MD, UNITED STATES",86614621F00014,86614621F00014,USAspending,https://www.usaspending.gov/award/CONT_AWD_86614621F00014_8600_GS00F252CA_4732/
moco-53c820d3c0b58b46,2026-01-08,2026-01-08,Abt Global,Rockville,strong,-77300.49,Environmental Protection Agency,Environmental Protection Agency,Professional Services,"NATIONAL CONTINGENCY PLAN - SUBPART J DEVELOPMENT AND IMPLEMENTATION SUPPORT MOD P00005: TO DE-OBLIGATE THE REMAINDER OF FUNDING UNDER CLIN 0001 AND CLIN 0003 FOR A TOTAL AMOUNT OF $77,300.49 FROM THE BASE PERIOD AND FOR CLIN 0003 (TRANSITION OUT SE","ROCKVILLE, MONTGOMERY, MD, UNITED STATES",68HERH23F0316,68HERH23F0316,USAspending,https://www.usaspending.gov/award/CONT_AWD_68HERH23F0316_6800_68HERH23D0012_6800/
moco-e99e995593a6c520,2026-01-06,2026-01-06,Abt Global,Rockville,strong,-50.18,Department of the Interior,Departmental Offices,Professional Services,TITLE IV-E PREVENTION SERVICES CLEARINGHOUSE,"ROCKVILLE, MONTGOMERY, MD, UNITED STATES",140D0421F0770,140D0421F0770,USAspending,https://www.usaspending.gov/award/CONT_AWD_140D0421F0770_1406_GS00F252CA_4732/
moco-4de9c4c2b508ba97,2026-01-02,2026-01-02,Abt Global,Rockville,strong,-209061.37,Department of Health and Human Services,Office of the Assistant Secretary for Administration,Professional Services,INCREASE LEVEL OF EFFORT FOR SERVICE COMPONENT 1,"CAMBRIDGE, MIDDLESEX, MA, UNITED STATES",75P00119F37015,75P00119F37015,USAspending,https://www.usaspending.gov/award/CONT_AWD_75P00119F37015_7570_HHSP233201500069I_7555/
moco-9fb5adb52491a09a,2025-12-17,2025-12-17,Abt Global,Rockville,strong,0.0,Department of Labor,Office of the Assistant Secretary for Administration and Management,Professional Services,OASP SECTORAL STRATEGIES AND EMPLOYER ENGAGEMENT PORTFOLIO BPA ORDER,"ROCKVILLE, MONTGOMERY, MD, UNITED STATES",1605C223F00053,1605C223F00053,USAspending,https://www.usaspending.gov/award/CONT_AWD_1605C223F00053_1605_1605C223A0002_1605/
moco-84517bc33063e113,2025-12-11,2025-12-11,Abt Global,Rockville,strong,0.0,Environmental Protection Agency,Environmental Protection Agency,Professional Services,F103-TECHNICAL SUPPORT FOR WBS UNIT COST MODELS,"ROCKVILLE, MONTGOMERY, MD, UNITED STATES",68HERC24F0484,68HERC24F0484,USAspending,https://www.usaspending.gov/award/CONT_AWD_68HERC24F0484_6800_68HERC24A0002_6800/
moco-ac3dab2b5d44c8b4,2025-12-08,2025-12-08,Abt Global,Rockville,strong,-288055.93,Department of Commerce,National Oceanic and Atmospheric Administration,Professional Services,DE-OBLIGATION OF REMAINING FUNDING FROM CALL ORDER FOR CLOSEOUT IAW FAR 52.212-4(C).,"CAMBRIDGE, MIDDLESEX, MA, UNITED STATES",1305M218FNCNR0194,1305M218FNCNR0194,USAspending,https://www.usaspending.gov/award/CONT_AWD_1305M218FNCNR0194_1330_DOCEA133C17BA0065_1330/
moco-912d4e51d7a25c08,2025-12-01,2025-12-01,Hughes Network Systems,Germantown,strong,3119.28,Department of Veterans Affairs,Department of Veterans Affairs,Other,GOLDEN GATE NC WIFI,"SAN BRUNO, SAN MATEO, CA, UNITED STATES",36C78623P50057,36C78623P50057,USAspending,https://www.usaspending.gov/award/CONT_AWD_36C78623P50057_3600_-NONE-_-NONE-/
moco-03acb1d4bdc0228c,2025-11-20,2025-11-20,Abt Global,Rockville,strong,0.0,Department of Labor,Office of the Assistant Secretary for Administration and Management,Professional Services,NEW TASK ORDER FOR ABT 33 TECHNICAL SUPPORT FOR OSHAS SAFETY AND HEALTH STANDARDS AND GUIDANCE ECONOMIC ANALYSIS AND INDUSTRIAL PROFILING FOR RULEMAKING AND GUIDANCE DOCUMENTS UPDATES,"WASHINGTON, DISTRICT OF COLUMBIA, DC, UNITED STATES",1605C124F00040,1605C124F00040,USAspending,https://www.usaspending.gov/award/CONT_AWD_1605C124F00040_1605_1605DC19A0012_1605/
moco-a43fc7bb5e436d9f,2025-11-07,2025-11-07,Abt Global,Rockville,strong,-9839.72,Environmental Protection Agency,Environmental Protection Agency,Professional Services,F107 - TOXIC SUBSTANCES ECONOMICS AND POLLUTION PREVENTION SUPPORT,"BETHESDA, MONTGOMERY, MD, UNITED STATES",EPW16009,EPW16009,USAspending,https://www.usaspending.gov/award/CONT_AWD_EPW16009_6800_-NONE-_-NONE-/
